R5826-068-0,LA,70515,PARTC
R5826-063-0,NC,27053,PARTC
H8145-042-0,VA,24064,PARTC
H5577-016-0,PR,00601,PARTC
H5774-003-0,PR,00601,PARTC
H4005-001-0,PR,00601,PARTC
H5435-001-0,AZ,85901,PARTC
H5591-003-0,ME,04210,PARTC
H2775-095-0,ME,04210,PARTC
H2816-002-0,ME,04210,PARTC
H2816-008-0,ME,04210,PARTC
H2816-001-0,ME,04003,PARTC
H2816-007-0,ME,04003,PARTC
H5652-002-0,CO,80104,PARTC
H3528-003-0,CT,06404,PARTC
H0755-032-0,CT,06404,PARTC
H9001-029-4,MA,02532,PARTC
H2256-016-2,MA,02532,PARTC
H2256-019-7,MA,02532,PARTC
H8578-009-0,MA,01011,PARTC
H8578-003-0,MA,01011,PARTC
H9001-029-2,MA,02048,PARTC
H9001-029-1,MA,01810,PARTC
H2256-042-0,MA,01810,PARTC
H2256-016-1,MA,01810,PARTC
H2256-019-1,MA,01810,PARTC
H9001-029-6,MA,01054,PARTC
H9001-001-0,MA,01054,PARTC
H9001-029-5,MA,01001,PARTC
H2256-016-6,MA,01001,PARTC
H2256-019-8,MA,01001,PARTC
H2256-041-0,MA,01005,PARTC
H2256-039-0,MA,01005,PARTC
H2256-040-0,MA,01005,PARTC
H4152-004-0,RI,02806,PARTC
H1944-015-0,RI,02806,PARTC
H3388-001-0,NY,12007,PARTC
H3328-001-0,NY,12007,PARTC
H3305-020-0,NY,12007,PARTC
H5613-002-0,NY,12007,PARTC
R5342-002-0,NY,12007,PARTC
H3361-059-0,NY,12007,PARTC
H3384-022-0,NY,14024,PARTC
H3351-001-0,NY,14024,PARTC
H3362-016-0,NY,14024,PARTC
H5613-001-0,NY,14024,PARTC
H3370-033-0,NY,10451,PARTC
H3359-027-0,NY,10451,PARTC
H3307-018-0,NY,10451,PARTC
H3335-043-0,NY,13730,PARTC
H3335-044-0,NY,12901,PARTC
H3305-007-0,NY,14001,PARTC
H3335-041-0,NY,13324,PARTC
H3351-007-0,NY,14414,PARTC
H3152-045-0,NJ,08037,PARTC
H0755-037-0,NJ,07010,PARTC
H3154-013-0,NJ,08202,PARTC
H2150-017-0,MD,20701,PARTC
H2150-021-0,MD,20701,PARTC
H2150-022-0,MD,20701,PARTC
H3672-021-0,OH,43713,PARTC
H3907-002-0,OH,43901,PARTC
H3954-156-6,PA,17019,PARTC
H3959-041-0,PA,17019,PARTC
H3916-012-0,PA,17019,PARTC
H8145-055-0,PA,17019,PARTC
R5826-062-0,PA,17019,PARTC
H3907-038-0,PA,17019,PARTC
H3957-024-0,PA,15003,PARTC
H3957-025-0,PA,15521,PARTC
H3954-156-4,PA,17026,PARTC
H3954-156-5,PA,15946,PARTC
H3931-055-0,PA,18036,PARTC
H9207-001-0,PA,18036,PARTC
H3952-008-0,PA,18036,PARTC
H3952-048-0,PA,18036,PARTC
H3909-007-0,PA,18036,PARTC
H3952-044-0,PA,17527,PARTC
H3952-050-0,PA,17527,PARTC
H3954-156-1,PA,17756,PARTC
H3954-156-3,PA,17001,PARTC
H3954-156-2,PA,18403,PARTC
H3907-041-0,PA,19019,PARTC
H8145-050-0,WV,26201,PARTC
H3672-024-0,WV,25009,PARTC
H3449-012-0,NC,27053,PARTC
H5253-040-0,NC,27053,PARTC
H8145-108-0,VA,24201,PARTC
R5826-065-0,AL,36003,PARTC
H0154-008-0,AL,36003,PARTC
H1416-027-0,AR,72003,PARTC
R5826-064-0,GA,31513,PARTC
H1112-034-0,GA,30011,PARTC
H8748-019-0,SC,29901,PARTC
R5826-018-0,FL,32044,PARTC
R7444-004-0,FL,32044,PARTC
H5427-052-0,FL,32754,PARTC
H1099-009-0,FL,32754,PARTC
H1036-053-0,FL,33004,PARTC
H1035-007-0,FL,32080,PARTC
H1036-056-0,FL,32080,PARTC
H1036-119-0,FL,33523,PARTC
H1036-063-0,FL,33401,PARTC
H4461-004-0,TN,37705,PARTC
H8145-121-0,IL,62017,PARTC
H5883-010-0,MI,48705,PARTC
H5883-001-3,MI,48705,PARTC
H4262-001-3,MI,48705,PARTC
H9572-005-0,MI,48705,PARTC
R5826-053-0,MI,48705,PARTC
H5883-001-1,MI,49010,PARTC
H5883-001-4,MI,49611,PARTC
H4262-001-4,MI,49611,PARTC
H2354-019-0,MI,48610,PARTC
H4262-001-1,MI,48849,PARTC
H5216-012-0,MI,49022,PARTC
H5883-001-2,MI,49011,PARTC
H4262-001-2,MI,49011,PARTC
H3653-018-0,MI,49220,PARTC
H5883-001-5,MI,48005,PARTC
H4262-001-6,MI,48005,PARTC
R5941-013-0,OH,45101,PARTC
R5826-021-0,OH,45101,PARTC
H3668-013-0,OH,45101,PARTC
H3672-014-0,OH,44235,PARTC
H3664-014-0,OH,43903,PARTC
H1463-001-0,IL,61839,PARTC
H1463-011-0,IL,61839,PARTC
H1463-008-0,IL,61839,PARTC
H1463-018-0,IL,61839,PARTC
H1463-016-0,IL,61839,PARTC
H1463-014-0,IL,61839,PARTC
R5826-066-0,IN,46711,PARTC
H7220-002-0,IN,46704,PARTC
R5826-023-0,IL,61839,PARTC
H1651-005-0,IL,61001,PARTC
H1651-009-0,IL,61001,PARTC
H1651-003-0,IL,61001,PARTC
H5262-005-0,IA,52101,PARTC
H5262-004-0,IA,52101,PARTC
H1181-001-0,WI,53910,PARTC
H5211-003-0,WI,53910,PARTC
H4388-001-0,WI,53910,PARTC
H5211-001-0,WI,53910,PARTC
H2462-016-0,WI,54004,PARTC
H2462-015-0,WI,54004,PARTC
H5215-001-0,WI,54110,PARTC
H5215-006-0,WI,54110,PARTC
H5253-021-0,WI,54110,PARTC
H5264-003-0,WI,53532,PARTC
H5264-002-0,WI,53532,PARTC
H5264-005-0,WI,53532,PARTC
H5256-002-0,WI,53518,PARTC
H5256-004-0,WI,53518,PARTC
H5256-001-0,WI,53518,PARTC
H5262-010-0,WI,53507,PARTC
H5262-009-0,WI,53507,PARTC
H5262-013-0,WI,53005,PARTC
H8145-120-0,AR,72003,PARTC
R5826-067-0,AR,72003,PARTC
H4213-016-1,AR,72519,PARTC
H4213-016-3,AR,72704,PARTC
H4213-016-2,AR,71721,PARTC
H4213-016-4,AR,72044,PARTC
H2944-197-0,KS,66039,PARTC
H2663-025-0,KS,66840,PARTC
H2649-012-0,KS,66006,PARTC
H2663-022-0,MO,64842,PARTC
H1951-030-0,LA,70346,PARTC
R5826-026-0,TX,75148,PARTC
H4564-011-0,TX,75148,PARTC
H4564-010-0,TX,75148,PARTC
H4564-012-0,TX,75148,PARTC
H4564-016-0,TX,75148,PARTC
H4527-024-0,TX,78336,PARTC
H4590-029-0,TX,78002,PARTC
H4506-010-0,TX,77418,PARTC
H8145-126-0,TX,78003,PARTC
H7680-003-0,TX,78353,PARTC
H6328-005-0,TX,75002,PARTC
H4590-027-0,TX,75002,PARTC
H7680-004-0,TX,76233,PARTC
H0332-001-0,TX,77053,PARTC
H0332-003-0,TX,77053,PARTC
H0602-026-0,CO,80002,PARTC
H0602-042-0,CO,80002,PARTC
H0602-003-0,CO,80002,PARTC
H0602-027-0,CO,80002,PARTC
H0602-007-0,CO,81038,PARTC
R5826-069-0,KS,66039,PARTC
H3706-009-0,OK,73040,PARTC
H4198-001-0,OK,74010,PARTC
H3755-002-0,OK,74010,PARTC
H8145-155-0,IA,50002,PARTC
H6609-004-0,IA,50002,PARTC
H1651-002-0,IA,52101,PARTC
H1651-004-0,IA,52101,PARTC
H1651-008-0,IA,52101,PARTC
H1651-001-0,IA,52101,PARTC
H2461-006-0,MN,55735,PARTC
H2461-007-0,MN,55735,PARTC
H2461-005-0,MN,55735,PARTC
H2462-020-0,MN,55735,PARTC
H2462-007-0,MN,55735,PARTC
H2462-004-0,MN,55735,PARTC
H2462-010-0,MN,55735,PARTC
H2462-018-0,MN,55735,PARTC
H2459-001-0,MN,55735,PARTC
H9834-005-0,MN,55922,PARTC
H9834-004-0,MN,55922,PARTC
H3503-003-0,ND,58301,PARTC
H6609-111-0,CO,80002,PARTC
H0602-009-0,CO,80002,PARTC
H0609-018-0,CO,80002,PARTC
H0657-006-0,CO,81101,PARTC
H0657-007-0,CO,81101,PARTC
H0657-005-0,CO,81101,PARTC
H0602-001-0,CO,81101,PARTC
H0657-009-0,CO,81038,PARTC
H0657-010-0,CO,81038,PARTC
H0657-008-0,CO,81038,PARTC
H0609-015-0,CO,80106,PARTC
H3206-003-0,NM,87008,PARTC
H3204-008-0,NM,87008,PARTC
R5826-070-0,AZ,85920,PARTC
H0351-030-0,AZ,85602,PARTC
H5945-004-0,NV,89701,PARTC
H2906-008-0,NV,89701,PARTC
H5945-003-0,NV,89402,PARTC
H2960-009-0,NV,89402,PARTC
H1302-004-0,ID,83616,PARTC
H1350-006-0,ID,83616,PARTC
H6609-012-0,ID,83616,PARTC
H4754-006-0,ID,83616,PARTC
H1304-008-0,ID,83616,PARTC
H4754-012-0,ID,83201,PARTC
H1304-001-0,ID,83801,PARTC
H3813-001-0,OR,97368,PARTC
H5520-001-0,OR,97321,PARTC
H3817-007-2,OR,97321,PARTC
H3811-001-0,OR,97321,PARTC
H9047-035-0,OR,97002,PARTC
H9047-033-0,OR,97002,PARTC
H3817-007-1,OR,97002,PARTC
H4754-008-0,OR,97407,PARTC
H3864-002-0,OR,97701,PARTC
H3810-001-0,OR,97410,PARTC
H6743-006-0,OR,97410,PARTC
H6743-002-0,OR,97410,PARTC
H5520-003-0,OR,97410,PARTC
H6743-013-0,OR,97501,PARTC
H6743-015-0,OR,97501,PARTC
H4604-005-0,UT,83342,PARTC
H4605-001-0,UT,84010,PARTC
H3471-003-0,WA,98801,PARTC
H9302-004-0,WA,98801,PARTC
H5826-006-0,WA,98601,PARTC
H5009-001-0,WA,99328,PARTC
H5050-001-0,WA,98520,PARTC
H5010-001-0,WA,99001,PARTC
H1286-003-0,WA,99001,PARTC
H3471-009-0,WA,98501,PARTC
H3471-006-0,WA,98901,PARTC
H3471-015-0,WA,98901,PARTC
H0562-045-0,CA,94501,PARTC
H0562-044-0,CA,90001,PARTC
H2228-025-0,HI,96701,PARTC
H0504-021-0,VI,00801,PARTCRX
H3832-007-0,HI,96704,PARTCRX
H3832-008-0,HI,96704,PARTCRX
R5826-011-0,LA,70515,PARTCRX
R5826-078-0,LA,70515,PARTCRX
H5576-017-2,LA,70515,PARTCRX
H5576-018-2,LA,70515,PARTCRX
H5576-008-0,LA,70515,PARTCRX
H5576-020-2,LA,70515,PARTCRX
H6609-104-0,LA,70601,PARTCRX
H9915-008-0,MD,20701,PARTCRX
H8854-001-0,MD,20701,PARTCRX
R5826-079-0,NC,27053,PARTCRX
H8145-003-0,VA,22922,PARTCRX
H1659-001-0,VA,22922,PARTCRX
H1659-003-0,VA,22922,PARTCRX
H1659-002-0,VA,22922,PARTCRX
H6609-100-0,VA,24064,PARTCRX
H2228-010-0,DE,19901,PARTCRX
H5969-002-0,HI,96704,PARTCRX
H3832-011-0,HI,96704,PARTCRX
R3175-003-0,HI,96704,PARTCRX
H5576-019-0,LA,70515,PARTCRX
H1961-011-0,LA,70532,PARTCRX
H9915-010-0,MD,20701,PARTCRX
H9915-009-0,MD,20701,PARTCRX
H2228-011-0,MD,20701,PARTCRX
H8854-002-0,MD,20701,PARTCRX
H0147-001-0,VA,22901,PARTCRX
H3067-001-0,VA,22901,PARTCRX
H3480-001-0,VA,22901,PARTCRX
H4007-012-0,PR,00601,PARTCRX
H4007-013-0,PR,00601,PARTCRX
H2029-001-0,PR,00601,PARTCRX
H5577-008-0,PR,00601,PARTCRX
H5577-005-0,PR,00601,PARTCRX
H5577-014-0,PR,00601,PARTCRX
H7522-001-0,PR,00601,PARTCRX
H4003-034-0,PR,00601,PARTCRX
H4003-027-0,PR,00601,PARTCRX
H4003-019-0,PR,00601,PARTCRX
H4004-056-0,PR,00601,PARTCRX
H5774-005-0,PR,00601,PARTCRX
H5774-023-0,PR,00601,PARTCRX
H4005-004-0,PR,00601,PARTCRX
H8266-001-0,PR,00934,PARTCRX
H8266-004-0,PR,00934,PARTCRX
H4876-001-0,PR,00934,PARTCRX
H8266-002-0,PR,00934,PARTCRX
H4007-016-0,PR,00601,PARTCRX
H4007-018-0,PR,00601,PARTCRX
H5577-019-0,PR,00601,PARTCRX
H5577-002-0,PR,00601,PARTCRX
H5577-017-0,PR,00601,PARTCRX
H4003-017-0,PR,00601,PARTCRX
H4003-033-0,PR,00601,PARTCRX
H4003-009-0,PR,00601,PARTCRX
H4004-048-0,PR,00601,PARTCRX
H5774-026-0,PR,00601,PARTCRX
H5774-024-0,PR,00601,PARTCRX
H5774-025-0,PR,00601,PARTCRX
H5774-022-0,PR,00601,PARTCRX
H3054-001-0,PR,00934,PARTCRX
H3054-004-0,PR,00934,PARTCRX
H3054-003-0,PR,00934,PARTCRX
H5435-024-0,AZ,85901,PARTCRX
H3597-007-0,ME,04210,PARTCRX
H5521-143-0,ME,04210,PARTCRX
H6786-002-0,ME,04210,PARTCRX
H8432-003-0,ME,04210,PARTCRX
H5619-001-0,ME,04210,PARTCRX
H1660-013-0,ME,04210,PARTCRX
H1660-005-0,ME,04210,PARTCRX
H5591-006-3,ME,04210,PARTCRX
H1365-001-0,ME,04210,PARTCRX
R5329-001-0,ME,04210,PARTCRX
H2001-001-0,ME,04210,PARTCRX
H2001-010-0,ME,04210,PARTCRX
H2775-083-0,ME,04210,PARTCRX
H2775-089-0,ME,04210,PARTCRX
H5591-001-0,ME,04471,PARTCRX
H1365-002-0,ME,04471,PARTCRX
H5521-142-0,ME,04003,PARTCRX
H3597-001-0,ME,04003,PARTCRX
H5591-006-1,ME,04003,PARTCRX
H2775-082-0,ME,04003,PARTCRX
H2775-088-0,ME,04003,PARTCRX
H2816-013-0,ME,04003,PARTCRX
H2816-019-0,ME,04003,PARTCRX
H3597-009-0,ME,04225,PARTCRX
H5521-144-0,ME,04225,PARTCRX
H3597-005-0,ME,04225,PARTCRX
H5619-040-1,ME,04259,PARTCRX
H5591-006-2,ME,04259,PARTCRX
H5591-008-0,ME,04259,PARTCRX
H8432-004-0,ME,04401,PARTCRX
H5619-040-2,ME,04401,PARTCRX
H5591-009-0,ME,04401,PARTCRX
H6750-002-0,NH,03227,PARTCRX
H6750-001-0,NH,03227,PARTCRX
H1944-017-0,NH,03227,PARTCRX
H1944-019-0,NH,03227,PARTCRX
H7728-002-0,NH,03431,PARTCRX
H3536-004-0,NH,03431,PARTCRX
H3536-003-0,NH,03431,PARTCRX
H5322-024-0,NH,03215,PARTCRX
H3536-002-0,NH,03031,PARTCRX
H5591-005-0,NH,03031,PARTCRX
H1365-003-0,NH,03031,PARTCRX
H8432-002-0,ME,04210,PARTCRX
H5619-003-0,ME,04210,PARTCRX
H0710-015-0,ME,04210,PARTCRX
H5591-007-0,ME,04003,PARTCRX
H5652-006-0,CO,80104,PARTCRX
H5652-001-0,CO,80104,PARTCRX
H5793-010-0,CT,06404,PARTCRX
H5793-008-0,CT,06404,PARTCRX
H5521-013-0,CT,06404,PARTCRX
H5854-009-0,CT,06404,PARTCRX
H5854-010-0,CT,06404,PARTCRX
H3528-002-0,CT,06404,PARTCRX
H3528-006-0,CT,06404,PARTCRX
H3528-008-0,CT,06404,PARTCRX
H3528-001-0,CT,06404,PARTCRX
H3528-010-0,CT,06404,PARTCRX
R7444-001-0,CT,06404,PARTCRX
H0755-030-0,CT,06404,PARTCRX
H0755-031-0,CT,06404,PARTCRX
H0755-033-0,CT,06404,PARTCRX
H0712-020-0,CT,06404,PARTCRX
H5793-011-0,CT,06001,PARTCRX
H5793-001-0,CT,06001,PARTCRX
H5854-007-0,CT,06001,PARTCRX
H8578-013-0,CT,06001,PARTCRX
H8578-014-0,CT,06001,PARTCRX
H8578-015-0,CT,06001,PARTCRX
H0712-019-0,CT,06001,PARTCRX
H2261-021-0,MA,02532,PARTCRX
H2261-005-0,MA,02532,PARTCRX
H2261-019-0,MA,02532,PARTCRX
H2230-002-0,MA,02532,PARTCRX
H2230-017-0,MA,02532,PARTCRX
H2230-016-0,MA,02532,PARTCRX
H9001-031-4,MA,02532,PARTCRX
H9001-030-4,MA,02532,PARTCRX
H9001-032-4,MA,02532,PARTCRX
H2256-026-2,MA,02532,PARTCRX
H2256-015-2,MA,02532,PARTCRX
H2256-001-2,MA,02532,PARTCRX
H2256-028-0,MA,02532,PARTCRX
H2256-018-7,MA,02532,PARTCRX
H8578-004-0,MA,01011,PARTCRX
H8578-001-0,MA,01011,PARTCRX
H8578-012-0,MA,01011,PARTCRX
H9001-031-2,MA,02048,PARTCRX
H9001-030-2,MA,02048,PARTCRX
H9001-032-2,MA,02048,PARTCRX
H1660-009-0,MA,02048,PARTCRX
H1660-001-0,MA,02048,PARTCRX
H1944-005-0,MA,02048,PARTCRX
H1944-006-0,MA,02048,PARTCRX
H1944-022-0,MA,02048,PARTCRX
H9001-031-1,MA,01810,PARTCRX
H9001-030-1,MA,01810,PARTCRX
H9001-032-1,MA,01810,PARTCRX
H2256-026-1,MA,01810,PARTCRX
H2256-015-1,MA,01810,PARTCRX
H2256-001-1,MA,01810,PARTCRX
H2256-018-1,MA,01810,PARTCRX
H1944-007-0,MA,01810,PARTCRX
H1944-008-0,MA,01810,PARTCRX
H1944-023-0,MA,01810,PARTCRX
H9001-031-6,MA,01054,PARTCRX
H9001-013-0,MA,01054,PARTCRX
H9001-015-0,MA,01054,PARTCRX
H9001-032-6,MA,01054,PARTCRX
H9001-033-0,MA,01001,PARTCRX
H9001-030-5,MA,01001,PARTCRX
H9001-032-5,MA,01001,PARTCRX
H2256-026-3,MA,01001,PARTCRX
H2256-015-6,MA,01001,PARTCRX
H2256-001-6,MA,01001,PARTCRX
H2256-018-8,MA,01001,PARTCRX
H1944-001-0,MA,01431,PARTCRX
H1944-004-0,MA,01431,PARTCRX
H1944-021-0,MA,01431,PARTCRX
H1660-012-0,MA,01005,PARTCRX
H2256-036-0,MA,01005,PARTCRX
H2256-033-0,MA,01005,PARTCRX
H2256-034-0,MA,01005,PARTCRX
H9615-008-0,NY,12007,PARTCRX
H9615-007-0,NY,12007,PARTCRX
H3305-022-0,NY,12007,PARTCRX
H4152-017-0,RI,02806,PARTCRX
H4152-018-0,RI,02806,PARTCRX
H4152-005-0,RI,02806,PARTCRX
H4152-007-0,RI,02806,PARTCRX
H4152-013-0,RI,02806,PARTCRX
H4152-016-0,RI,02806,PARTCRX
H1944-016-0,RI,02806,PARTCRX
H1944-014-0,RI,02806,PARTCRX
H1944-020-0,RI,02806,PARTCRX
H1944-018-0,VT,05443,PARTCRX
H5652-004-0,CO,80104,PARTCRX
H5652-003-0,CO,80104,PARTCRX
H5854-008-0,CT,06404,PARTCRX
H0710-009-0,CT,06404,PARTCRX
H0710-001-0,CT,06404,PARTCRX
H0712-005-0,CT,06404,PARTCRX
H9001-019-0,MA,02532,PARTCRX
H2256-029-0,MA,02532,PARTCRX
H2225-001-0,MA,02048,PARTCRX
H2224-001-0,MA,02048,PARTCRX
H2224-003-0,MA,02048,PARTCRX
H2228-001-0,MA,02048,PARTCRX
H2226-001-0,MA,02048,PARTCRX
H2228-039-0,RI,02806,PARTCRX
H3113-010-0,RI,02806,PARTCRX
H2228-002-0,RI,02806,PARTCRX
H0137-001-0,MA,01810,PARTCRX
H7419-001-0,MA,02108,PARTCRX
H9576-001-0,RI,02806,PARTCRX
H5521-119-0,NY,12007,PARTCRX
H5521-112-0,NY,12007,PARTCRX
H3312-062-0,NY,12007,PARTCRX
H3384-059-0,NY,12007,PARTCRX
H3384-013-0,NY,12007,PARTCRX
H5526-018-0,NY,12007,PARTCRX
H5526-017-0,NY,12007,PARTCRX
H3388-013-0,NY,12007,PARTCRX
H3388-002-0,NY,12007,PARTCRX
H3388-004-0,NY,12007,PARTCRX
H3342-019-0,NY,12007,PARTCRX
H3328-020-1,NY,12007,PARTCRX
H3328-003-0,NY,12007,PARTCRX
H3533-006-0,NY,12007,PARTCRX
H3533-013-0,NY,12007,PARTCRX
H5970-008-0,NY,12007,PARTCRX
H3305-021-0,NY,12007,PARTCRX
R5342-001-0,NY,12007,PARTCRX
R5342-005-0,NY,12007,PARTCRX
R5342-006-0,NY,12007,PARTCRX
H5549-008-0,NY,12007,PARTCRX
H3361-099-0,NY,12007,PARTCRX
H5526-004-0,NY,14024,PARTCRX
H3384-019-0,NY,14024,PARTCRX
H3384-058-0,NY,14024,PARTCRX
H5526-016-0,NY,14024,PARTCRX
H3351-017-0,NY,14024,PARTCRX
H3351-002-0,NY,14024,PARTCRX
H3351-010-0,NY,14024,PARTCRX
H3351-012-0,NY,14024,PARTCRX
H5970-001-0,NY,14024,PARTCRX
H3362-017-0,NY,14024,PARTCRX
H3344-005-0,NY,14024,PARTCRX
H3362-033-0,NY,14024,PARTCRX
H5521-120-0,NY,10451,PARTCRX
H5521-121-0,NY,10451,PARTCRX
H3312-002-0,NY,10451,PARTCRX
H5991-006-0,NY,10451,PARTCRX
H5991-004-0,NY,10451,PARTCRX
H4922-005-1,NY,10451,PARTCRX
H6988-001-0,NY,10451,PARTCRX
H3347-009-0,NY,10451,PARTCRX
H3330-032-1,NY,10451,PARTCRX
H3330-021-1,NY,10451,PARTCRX
H3330-033-1,NY,10451,PARTCRX
H3370-029-1,NY,10451,PARTCRX
H3359-001-0,NY,10451,PARTCRX
H3359-019-0,NY,10451,PARTCRX
H3533-021-0,NY,10451,PARTCRX
H3337-001-0,NY,10451,PARTCRX
H0423-004-0,NY,10451,PARTCRX
H3307-015-0,NY,10451,PARTCRX
H3307-002-0,NY,10451,PARTCRX
H3379-001-0,NY,10451,PARTCRX
H3307-024-0,NY,10451,PARTCRX
H3361-106-0,NY,10451,PARTCRX
H3361-135-0,NY,10451,PARTCRX
H3361-130-0,NY,10451,PARTCRX
H5521-118-0,NY,13730,PARTCRX
H3312-048-0,NY,13730,PARTCRX
H5521-077-0,NY,13730,PARTCRX
H3335-038-0,NY,13730,PARTCRX
H3335-015-0,NY,13730,PARTCRX
H3335-053-0,NY,13730,PARTCRX
H3335-014-0,NY,13730,PARTCRX
H3533-020-0,NY,13730,PARTCRX
H3379-039-0,NY,13730,PARTCRX
H5970-014-1,NY,13021,PARTCRX
H3335-018-0,NY,12901,PARTCRX
H3351-015-0,NY,12093,PARTCRX
H5521-110-0,NY,10512,PARTCRX
H3328-020-2,NY,10512,PARTCRX
H9615-010-0,NY,10512,PARTCRX
H9615-009-0,NY,10512,PARTCRX
H2775-099-0,NY,10512,PARTCRX
H2775-100-0,NY,10512,PARTCRX
H5526-019-0,NY,14001,PARTCRX
H3305-015-0,NY,14001,PARTCRX
H9615-012-0,NY,14001,PARTCRX
H3361-134-0,NY,14001,PARTCRX
H3335-051-0,NY,13324,PARTCRX
H3335-006-0,NY,13324,PARTCRX
H3335-054-0,NY,13324,PARTCRX
H3335-005-0,NY,13324,PARTCRX
H5521-113-0,NY,11201,PARTCRX
H3370-039-0,NY,11201,PARTCRX
H3370-029-3,NY,11201,PARTCRX
H3351-006-0,NY,14414,PARTCRX
H3351-016-0,NY,14414,PARTCRX
H3351-011-0,NY,14414,PARTCRX
H3351-013-0,NY,14414,PARTCRX
H1537-001-0,NY,13030,PARTCRX
H5521-076-0,NY,14410,PARTCRX
H5521-111-0,NY,11001,PARTCRX
H5991-003-0,NY,11001,PARTCRX
H3347-013-0,NY,11001,PARTCRX
H3330-032-2,NY,11001,PARTCRX
H3330-021-2,NY,11001,PARTCRX
H3330-033-2,NY,11001,PARTCRX
H3330-036-0,NY,11001,PARTCRX
H3370-038-0,NY,11001,PARTCRX
H3370-031-0,NY,11001,PARTCRX
H3533-010-0,NY,11001,PARTCRX
H2773-022-0,NY,11001,PARTCRX
H2773-019-0,NY,11001,PARTCRX
H3361-132-0,NY,11001,PARTCRX
H5521-040-0,NY,10001,PARTCRX
H3312-060-0,NY,10001,PARTCRX
H3370-035-0,NY,10001,PARTCRX
H3359-036-0,NY,10001,PARTCRX
H3533-001-0,NY,13032,PARTCRX
H5521-098-0,NY,13020,PARTCRX
H5970-014-2,NY,13020,PARTCRX
H3370-030-0,NY,10910,PARTCRX
H3307-012-0,NY,10910,PARTCRX
H3307-023-0,NY,10910,PARTCRX
H3370-029-2,NY,11001,PARTCRX
H2773-020-0,NY,11001,PARTCRX
H3312-018-0,NY,10901,PARTCRX
H5521-117-0,NY,00501,PARTCRX
H4922-005-2,NY,00501,PARTCRX
H3330-032-3,NY,00501,PARTCRX
H3330-021-3,NY,00501,PARTCRX
H3330-033-3,NY,00501,PARTCRX
H3370-032-0,NY,00501,PARTCRX
H3307-025-0,NY,10940,PARTCRX
H3361-133-0,NY,12401,PARTCRX
H3330-032-4,NY,10501,PARTCRX
H3330-021-4,NY,10501,PARTCRX
H3330-033-4,NY,10501,PARTCRX
H3328-002-0,NY,12007,PARTCRX
H3328-017-0,NY,12007,PARTCRX
H3328-016-0,NY,12007,PARTCRX
H3533-002-0,NY,12007,PARTCRX
H3379-022-0,NY,12007,PARTCRX
H5549-002-0,NY,12007,PARTCRX
H3361-043-0,NY,12007,PARTCRX
H3362-020-0,NY,14024,PARTCRX
H5991-002-0,NY,10451,PARTCRX
H5991-001-0,NY,10451,PARTCRX
H4922-002-0,NY,10451,PARTCRX
H4922-004-0,NY,10451,PARTCRX
H4922-003-0,NY,10451,PARTCRX
H1777-007-0,NY,10451,PARTCRX
H5989-002-0,NY,10451,PARTCRX
H6988-002-0,NY,10451,PARTCRX
H6988-003-0,NY,10451,PARTCRX
H3347-003-0,NY,10451,PARTCRX
H3347-002-0,NY,10451,PARTCRX
H3347-007-0,NY,10451,PARTCRX
H3330-037-0,NY,10451,PARTCRX
H3370-028-0,NY,10451,PARTCRX
H3262-001-0,NY,10451,PARTCRX
H6864-001-0,NY,10451,PARTCRX
H3359-035-0,NY,10451,PARTCRX
H3359-034-0,NY,10451,PARTCRX
H3359-021-0,NY,10451,PARTCRX
H3533-004-0,NY,10451,PARTCRX
H3337-003-0,NY,10451,PARTCRX
H0423-001-0,NY,10451,PARTCRX
H6776-001-0,NY,10451,PARTCRX
H5992-007-0,NY,10451,PARTCRX
H3387-010-0,NY,10451,PARTCRX
H3379-002-0,NY,10451,PARTCRX
H2168-001-0,NY,10451,PARTCRX
H2168-002-0,NY,10451,PARTCRX
H5549-006-0,NY,10451,PARTCRX
H5549-003-0,NY,10451,PARTCRX
H3361-109-0,NY,10451,PARTCRX
H3361-065-0,NY,13730,PARTCRX
H1537-003-0,NY,13052,PARTCRX
H2470-001-0,NY,14001,PARTCRX
H2773-003-0,NY,11001,PARTCRX
H2773-018-0,NY,11001,PARTCRX
H2773-017-0,NY,11001,PARTCRX
H0811-001-0,NY,10451,PARTCRX
H1916-001-0,NY,10451,PARTCRX
H3018-001-0,NY,10451,PARTCRX
H3129-001-0,NY,11201,PARTCRX
H4465-001-0,NY,10451,PARTCRX
H5441-001-0,NY,10451,PARTCRX
H6308-001-0,NY,10451,PARTCRX
H6435-001-0,NY,10451,PARTCRX
H8029-001-0,NY,10451,PARTCRX
H8056-001-0,NY,11201,PARTCRX
H8490-001-0,NY,10451,PARTCRX
H8851-001-0,NY,10451,PARTCRX
H9115-001-0,NY,10451,PARTCRX
H9345-001-0,NY,10451,PARTCRX
H9869-001-0,NY,10451,PARTCRX
R6694-001-0,NJ,08037,PARTCRX
H3152-022-0,NJ,08037,PARTCRX
H5521-124-0,NJ,08037,PARTCRX
H5141-004-0,NJ,08037,PARTCRX
H5141-007-0,NJ,08037,PARTCRX
H3154-022-0,NJ,08037,PARTCRX
H3154-028-0,NJ,08037,PARTCRX
H3152-080-0,NJ,07010,PARTCRX
H3152-048-0,NJ,07010,PARTCRX
H5521-037-0,NJ,07010,PARTCRX
H5141-006-0,NJ,07010,PARTCRX
H3154-027-0,NJ,07010,PARTCRX
H0755-034-0,NJ,07010,PARTCRX
H0755-035-0,NJ,07010,PARTCRX
H0755-036-0,NJ,07010,PARTCRX
H5521-123-0,NJ,08004,PARTCRX
H3154-004-0,NJ,08202,PARTCRX
H3154-024-0,NJ,07003,PARTCRX
H0755-038-0,NJ,07003,PARTCRX
H0913-002-0,NJ,07003,PARTCRX
H5141-001-0,NJ,07002,PARTCRX
H3152-082-0,NJ,07001,PARTCRX
H3154-026-0,NJ,07001,PARTCRX
H0913-012-0,NJ,07001,PARTCRX
H7971-001-0,NJ,07416,PARTCRX
H5322-003-0,FL,33002,PARTCRX
H3240-016-0,NJ,08037,PARTCRX
H8298-001-0,NJ,08037,PARTCRX
H3113-005-0,NJ,08037,PARTCRX
H3240-013-0,NJ,07010,PARTCRX
H3240-017-0,NJ,07010,PARTCRX
H3113-001-0,NJ,07010,PARTCRX
H0710-026-0,NJ,07010,PARTCRX
H0913-013-0,NJ,07010,PARTCRX
H3931-104-0,DE,19901,PARTCRX
H5521-095-0,DE,19901,PARTCRX
H3931-102-0,DE,19901,PARTCRX
H6609-102-0,DE,19901,PARTCRX
H6622-010-0,DE,19901,PARTCRX
H3890-001-0,MD,20701,PARTCRX
H3890-002-0,MD,20701,PARTCRX
H2150-033-0,MD,20701,PARTCRX
H2150-002-0,MD,20701,PARTCRX
H2150-009-0,MD,20701,PARTCRX
H3931-097-0,MD,20842,PARTCRX
H6609-103-0,MD,21520,PARTCRX
H5521-015-0,DC,20001,PARTCRX
H3931-095-0,DC,20001,PARTCRX
H9915-001-0,DC,20001,PARTCRX
H2228-012-0,DE,19901,PARTCRX
H3113-011-0,DE,19701,PARTCRX
H8067-001-0,MD,21501,PARTCRX
H6880-001-0,VA,23320,PARTCRX
H9915-007-0,DC,20001,PARTCRX
H9915-006-0,DC,20001,PARTCRX
H2228-045-0,DC,20001,PARTCRX
H8145-021-0,KY,40012,PARTCRX
H6609-085-0,OH,44235,PARTCRX
H3672-020-0,OH,43713,PARTCRX
H8604-011-0,OH,43713,PARTCRX
H3907-037-0,OH,43901,PARTCRX
H3907-029-0,OH,43901,PARTCRX
H3907-006-0,OH,43901,PARTCRX
H5521-122-0,PA,17019,PARTCRX
H3923-013-0,PA,17019,PARTCRX
H3923-017-0,PA,17019,PARTCRX
H3954-157-6,PA,17019,PARTCRX
H3954-158-6,PA,17019,PARTCRX
H3924-059-9,PA,17019,PARTCRX
H3924-060-9,PA,17019,PARTCRX
H5522-002-0,PA,17019,PARTCRX
H5522-004-0,PA,17019,PARTCRX
H5522-017-0,PA,17019,PARTCRX
H3959-039-0,PA,17019,PARTCRX
H3916-005-0,PA,17019,PARTCRX
H3916-015-0,PA,17019,PARTCRX
H3916-018-0,PA,17019,PARTCRX
H5525-006-0,PA,17019,PARTCRX
H8145-052-0,PA,17019,PARTCRX
R5826-002-0,PA,17019,PARTCRX
H3907-039-0,PA,17019,PARTCRX
H3907-040-0,PA,17019,PARTCRX
H9408-002-0,PA,17019,PARTCRX
H9408-001-0,PA,17019,PARTCRX
H5522-001-0,PA,15003,PARTCRX
H5522-018-0,PA,15003,PARTCRX
H3959-043-0,PA,15003,PARTCRX
H3959-001-0,PA,15003,PARTCRX
H3959-010-0,PA,15003,PARTCRX
H3957-039-0,PA,15003,PARTCRX
H3957-038-0,PA,15003,PARTCRX
H3957-020-0,PA,15003,PARTCRX
H3957-003-0,PA,15003,PARTCRX
H3957-031-0,PA,15003,PARTCRX
H3916-001-0,PA,15003,PARTCRX
H3916-022-0,PA,15003,PARTCRX
H3916-032-0,PA,15003,PARTCRX
H5525-017-0,PA,15003,PARTCRX
H8145-053-0,PA,15003,PARTCRX
H1944-010-0,PA,15003,PARTCRX
H1944-011-0,PA,15003,PARTCRX
H1944-025-0,PA,15003,PARTCRX
H5533-003-0,PA,15003,PARTCRX
H5533-005-0,PA,15003,PARTCRX
H5522-005-0,PA,15613,PARTCRX
H3959-002-0,PA,15613,PARTCRX
H3959-011-0,PA,15613,PARTCRX
H3957-021-0,PA,15521,PARTCRX
H3957-006-0,PA,15521,PARTCRX
H3957-032-0,PA,15521,PARTCRX
H3916-002-0,PA,15521,PARTCRX
H3916-024-0,PA,15521,PARTCRX
H3916-033-0,PA,15521,PARTCRX
H5521-012-0,PA,17026,PARTCRX
H3931-070-0,PA,17026,PARTCRX
H3954-157-4,PA,17026,PARTCRX
H3954-158-4,PA,17026,PARTCRX
H3924-059-4,PA,17026,PARTCRX
H3924-060-4,PA,17026,PARTCRX
H5522-013-0,PA,17026,PARTCRX
H3957-040-0,PA,17026,PARTCRX
H6859-001-0,PA,17026,PARTCRX
H3962-007-0,PA,17026,PARTCRX
H3962-001-0,PA,17026,PARTCRX
H3962-004-0,PA,17026,PARTCRX
H1944-024-0,PA,17026,PARTCRX
H3954-157-5,PA,15946,PARTCRX
H3954-158-5,PA,15946,PARTCRX
H3924-059-8,PA,15946,PARTCRX
H3924-060-8,PA,15946,PARTCRX
H3959-037-0,PA,15946,PARTCRX
H5525-007-0,PA,14871,PARTCRX
H3931-112-0,PA,18036,PARTCRX
H3931-004-0,PA,18036,PARTCRX
H3931-064-0,PA,18036,PARTCRX
H5932-010-0,PA,18036,PARTCRX
H9207-005-0,PA,18036,PARTCRX
H9207-008-0,PA,18036,PARTCRX
H5522-014-0,PA,18036,PARTCRX
H3959-033-0,PA,18036,PARTCRX
H5525-005-0,PA,18036,PARTCRX
H6859-004-0,PA,18036,PARTCRX
H3952-053-0,PA,18036,PARTCRX
H3952-020-0,PA,18036,PARTCRX
H3952-049-0,PA,18036,PARTCRX
H3909-001-0,PA,18036,PARTCRX
H1944-009-0,PA,18036,PARTCRX
H3959-047-0,PA,15042,PARTCRX
H3959-032-0,PA,15832,PARTCRX
H3931-105-0,PA,17527,PARTCRX
H3952-054-0,PA,17527,PARTCRX
H3952-045-0,PA,17527,PARTCRX
H3952-051-0,PA,17527,PARTCRX
H3909-009-0,PA,17527,PARTCRX
H2228-037-0,PA,17527,PARTCRX
H3959-045-0,PA,15721,PARTCRX
H3954-157-1,PA,17756,PARTCRX
H3954-158-1,PA,17756,PARTCRX
H3924-059-6,PA,17756,PARTCRX
H3924-060-6,PA,17756,PARTCRX
H1944-012-0,PA,16110,PARTCRX
H1944-013-0,PA,16110,PARTCRX
H1944-026-0,PA,16110,PARTCRX
H3931-091-0,PA,17001,PARTCRX
H3954-157-3,PA,17001,PARTCRX
H3954-158-3,PA,17001,PARTCRX
H3924-059-3,PA,17001,PARTCRX
H3924-060-3,PA,17001,PARTCRX
H3959-031-0,PA,12719,PARTCRX
H2228-035-0,NY,14724,PARTCRX
H2228-036-0,NY,14724,PARTCRX
H3959-044-0,PA,15012,PARTCRX
H3959-046-0,PA,15310,PARTCRX
H3957-041-0,PA,17014,PARTCRX
H3954-157-2,PA,18403,PARTCRX
H3954-158-2,PA,18403,PARTCRX
H3924-059-7,PA,18403,PARTCRX
H3924-060-7,PA,18403,PARTCRX
H6859-003-0,PA,18403,PARTCRX
H9207-010-0,PA,17022,PARTCRX
H9207-009-0,PA,17022,PARTCRX
H3931-065-0,PA,19019,PARTCRX
H9207-002-0,PA,19019,PARTCRX
H9207-007-0,PA,19019,PARTCRX
H3907-043-0,PA,19019,PARTCRX
H3907-042-0,PA,19019,PARTCRX
H4093-003-0,PA,15012,PARTCRX
H1692-003-0,WV,26201,PARTCRX
H5106-013-0,WV,26201,PARTCRX
H8145-051-0,WV,26201,PARTCRX
H6609-117-0,WV,25401,PARTCRX
H1692-004-0,WV,25009,PARTCRX
H1692-002-0,WV,25009,PARTCRX
H1608-031-0,WV,25009,PARTCRX
H6609-116-0,WV,25009,PARTCRX
H3672-023-0,WV,25009,PARTCRX
H8604-013-0,WV,25009,PARTCRX
H1608-026-0,WV,26003,PARTCRX
H5525-023-0,WV,26003,PARTCRX
H6609-149-2,WV,25141,PARTCRX
H1608-027-0,WV,25002,PARTCRX
H3672-019-0,OH,43713,PARTCRX
H5932-001-0,PA,17019,PARTCRX
H5932-009-0,PA,17019,PARTCRX
H3954-097-0,PA,17019,PARTCRX
H0710-018-0,PA,15003,PARTCRX
H3113-009-0,PA,15003,PARTCRX
H3113-012-0,PA,15003,PARTCRX
H5322-011-0,PA,15003,PARTCRX
H0710-017-0,PA,15003,PARTCRX
H4279-001-0,PA,15003,PARTCRX
H3907-032-0,PA,15003,PARTCRX
H4093-001-0,PA,15613,PARTCRX
H3959-036-0,PA,17026,PARTCRX
H6859-008-0,PA,17026,PARTCRX
H9207-004-0,PA,18036,PARTCRX
H3959-035-0,PA,18036,PARTCRX
H4227-001-0,PA,18036,PARTCRX
H4227-002-0,PA,17022,PARTCRX
H9153-001-0,WV,25401,PARTCRX
H5521-081-0,NC,27053,PARTCRX
H3449-016-0,NC,27053,PARTCRX
H3404-001-0,NC,27053,PARTCRX
H9808-004-0,NC,27053,PARTCRX
H9808-005-0,NC,27053,PARTCRX
H6609-152-2,NC,27053,PARTCRX
H1036-138-0,NC,27053,PARTCRX
H2228-018-0,NC,27053,PARTCRX
H5253-037-0,NC,27053,PARTCRX
H5253-038-0,NC,27053,PARTCRX
H3449-005-0,NC,28601,PARTCRX
H3449-023-2,NC,28601,PARTCRX
H1608-025-0,NC,28601,PARTCRX
H9190-012-0,NC,28601,PARTCRX
H9190-020-0,NC,28601,PARTCRX
H8145-063-0,NC,28007,PARTCRX
H1036-137-0,NC,28007,PARTCRX
H5253-080-0,NC,28604,PARTCRX
H5253-079-0,NC,28604,PARTCRX
H5525-026-0,NC,28306,PARTCRX
H6306-007-0,NC,28701,PARTCRX
H6609-152-1,NC,28701,PARTCRX
H3931-081-0,NC,28025,PARTCRX
H6306-002-0,NC,27207,PARTCRX
H6306-003-0,NC,27207,PARTCRX
H8064-002-0,NC,27207,PARTCRX
H3931-087-0,NC,27278,PARTCRX
H5253-039-0,NC,27278,PARTCRX
H3449-023-1,NC,27214,PARTCRX
H5521-139-0,NC,27501,PARTCRX
H6306-006-0,NC,27501,PARTCRX
H6306-005-0,NC,27501,PARTCRX
H1036-233-0,NC,27501,PARTCRX
H5253-047-0,TN,37705,PARTCRX
H5253-048-0,TN,37705,PARTCRX
H6609-095-0,VA,22206,PARTCRX
H2012-055-0,VA,22901,PARTCRX
H5521-027-0,VA,22206,PARTCRX
H3931-096-0,VA,22206,PARTCRX
H2012-087-0,VA,22206,PARTCRX
H8145-004-0,VA,22206,PARTCRX
H6609-096-0,VA,22206,PARTCRX
H5253-089-0,VA,22206,PARTCRX
H5253-090-0,VA,22206,PARTCRX
H5521-082-0,VA,23002,PARTCRX
H3931-098-0,VA,23002,PARTCRX
H6609-148-2,VA,23002,PARTCRX
H5521-102-0,VA,24012,PARTCRX
H3931-101-0,VA,24012,PARTCRX
H2012-101-2,VA,24012,PARTCRX
H5253-085-0,VA,24012,PARTCRX
H5253-086-0,VA,24012,PARTCRX
H2012-015-0,VA,24201,PARTCRX
H2012-016-0,VA,24201,PARTCRX
H8145-091-0,VA,24201,PARTCRX
H6609-092-0,VA,24201,PARTCRX
H2012-029-0,VA,23320,PARTCRX
H6609-144-1,VA,23320,PARTCRX
H6622-005-0,VA,23320,PARTCRX
H2563-001-0,VA,23320,PARTCRX
H2563-003-0,VA,23320,PARTCRX
H5253-087-0,VA,23320,PARTCRX
H5253-088-0,VA,23320,PARTCRX
H3447-001-0,VA,23112,PARTCRX
H3447-005-0,VA,23112,PARTCRX
H2012-008-0,VA,23112,PARTCRX
H6609-148-1,VA,23112,PARTCRX
H6622-004-0,VA,23112,PARTCRX
H5521-083-0,VA,24540,PARTCRX
H3931-099-0,VA,24540,PARTCRX
H5521-084-0,VA,22436,PARTCRX
H3931-100-0,VA,22436,PARTCRX
H2012-101-1,VA,24055,PARTCRX
H6609-144-2,VA,23851,PARTCRX
H4909-014-0,VA,23021,PARTCRX
H5322-001-0,AL,36502,PARTCRX
H1036-168-0,NC,27053,PARTCRX
H5253-043-0,NC,27053,PARTCRX
H5253-041-0,NC,27053,PARTCRX
H5253-042-0,NC,27053,PARTCRX
H9190-007-0,NC,28601,PARTCRX
H9190-008-0,NC,28601,PARTCRX
H1036-167-0,NC,28007,PARTCRX
H6320-001-0,NC,27278,PARTCRX
H2185-002-0,VA,22901,PARTCRX
H2185-001-0,VA,22901,PARTCRX
H9877-001-0,VA,22901,PARTCRX
H2012-105-0,VA,22206,PARTCRX
H3447-012-0,VA,23002,PARTCRX
H2012-054-0,VA,24217,PARTCRX
H3447-011-0,VA,23320,PARTCRX
H2012-060-0,VA,23320,PARTCRX
H2012-042-0,VA,23320,PARTCRX
H3447-010-0,VA,23112,PARTCRX
H3447-003-0,VA,23112,PARTCRX
H3447-004-0,VA,23112,PARTCRX
H9595-001-0,VA,23173,PARTCRX
R5826-001-0,AL,36003,PARTCRX
H0154-011-0,AL,36003,PARTCRX
H5521-091-0,AL,36005,PARTCRX
H0104-012-0,AL,36005,PARTCRX
H0154-015-2,AL,36005,PARTCRX
H6609-120-0,AL,36274,PARTCRX
H5415-077-0,GA,30165,PARTCRX
H5521-114-0,GA,31513,PARTCRX
H5525-024-0,GA,31513,PARTCRX
R5826-077-0,GA,31513,PARTCRX
R7444-008-0,GA,31513,PARTCRX
H2944-114-0,GA,31552,PARTCRX
H9589-003-0,GA,31721,PARTCRX
H9589-004-0,GA,31721,PARTCRX
H6672-004-0,GA,31721,PARTCRX
H8748-010-0,GA,31031,PARTCRX
H8748-011-0,GA,31031,PARTCRX
H1608-028-0,GA,30011,PARTCRX
H4141-004-0,GA,30011,PARTCRX
H8145-069-0,GA,30011,PARTCRX
H8748-008-0,GA,30011,PARTCRX
H8748-009-0,GA,30011,PARTCRX
H6528-006-0,GA,30011,PARTCRX
H1112-032-0,GA,30011,PARTCRX
H1112-027-0,GA,30011,PARTCRX
H6609-122-0,GA,30101,PARTCRX
H1109-005-0,GA,31020,PARTCRX
H9947-006-0,GA,31020,PARTCRX
H1111-006-0,GA,31020,PARTCRX
H1111-007-0,GA,31020,PARTCRX
H5422-008-0,GA,31308,PARTCRX
H5302-011-0,GA,31308,PARTCRX
H5521-115-0,GA,31537,PARTCRX
H7173-003-0,GA,31805,PARTCRX
H5521-135-0,GA,30004,PARTCRX
H4141-001-0,GA,30004,PARTCRX
H1170-009-0,GA,30004,PARTCRX
H1170-002-0,GA,30004,PARTCRX
H5422-009-0,GA,30215,PARTCRX
H4141-015-0,GA,30215,PARTCRX
H1112-035-0,GA,30006,PARTCRX
H7173-002-0,GA,30002,PARTCRX
H6609-127-0,SC,29620,PARTCRX
H1416-037-0,SC,29620,PARTCRX
H6609-124-0,SC,29810,PARTCRX
H2012-100-4,SC,29611,PARTCRX
H5525-025-0,SC,29003,PARTCRX
H2334-003-0,SC,29901,PARTCRX
H2334-004-0,SC,29901,PARTCRX
H9403-004-0,SC,29901,PARTCRX
H8748-014-0,SC,29901,PARTCRX
H2012-096-0,SC,29059,PARTCRX
H8748-015-0,SC,29059,PARTCRX
H2012-100-5,SC,29307,PARTCRX
H5521-140-0,SC,29322,PARTCRX
H8170-001-0,SC,29322,PARTCRX
H8748-002-0,SC,29322,PARTCRX
H8748-013-0,SC,29058,PARTCRX
H8748-018-0,SC,29006,PARTCRX
H8748-017-0,SC,29018,PARTCRX
H2012-006-0,SC,29002,PARTCRX
H8748-012-0,SC,29301,PARTCRX
R7444-011-0,GA,31513,PARTCRX
R7444-010-0,GA,31513,PARTCRX
R7444-009-0,GA,31513,PARTCRX
H6672-001-0,GA,31721,PARTCRX
H9589-001-0,GA,31721,PARTCRX
H9589-002-0,GA,31721,PARTCRX
H6672-002-0,GA,31721,PARTCRX
H6672-003-0,GA,31721,PARTCRX
H2228-044-0,GA,31031,PARTCRX
H2228-013-0,GA,31031,PARTCRX
H4141-003-0,GA,30011,PARTCRX
H1112-006-0,GA,30011,PARTCRX
H1112-033-0,GA,30011,PARTCRX
H3291-001-0,GA,31020,PARTCRX
H5422-007-0,GA,31308,PARTCRX
H7173-001-0,GA,30216,PARTCRX
H5322-030-0,GA,31302,PARTCRX
H1170-008-0,GA,30004,PARTCRX
H5322-004-0,GA,30004,PARTCRX
H1416-036-0,SC,29620,PARTCRX
H2012-109-0,SC,29611,PARTCRX
H2012-053-0,SC,29611,PARTCRX
H9403-001-0,SC,29901,PARTCRX
H2334-001-0,SC,29901,PARTCRX
H2334-002-0,SC,29901,PARTCRX
H9403-002-0,SC,29901,PARTCRX
H9403-003-0,SC,29901,PARTCRX
H8170-002-0,SC,29322,PARTCRX
H1723-001-0,SC,29620,PARTCRX
H2533-001-0,SC,29810,PARTCRX
H8213-001-0,SC,29620,PARTCRX
R3332-001-0,FL,32044,PARTCRX
H5415-074-0,FL,32044,PARTCRX
R5826-005-0,FL,32044,PARTCRX
R5826-074-0,FL,32044,PARTCRX
H1036-143-0,FL,32044,PARTCRX
H1045-033-0,FL,32044,PARTCRX
R7444-003-0,FL,32044,PARTCRX
H1032-180-0,FL,32044,PARTCRX
H1032-079-0,FL,32044,PARTCRX
H1036-081-0,FL,32040,PARTCRX
H5434-002-0,FL,32401,PARTCRX
H1026-040-0,FL,32401,PARTCRX
H1045-032-0,FL,32401,PARTCRX
H5415-073-0,FL,32042,PARTCRX
H1019-043-0,FL,32754,PARTCRX
H1035-010-0,FL,32754,PARTCRX
H1035-011-0,FL,32754,PARTCRX
H5427-059-0,FL,32754,PARTCRX
H1099-001-0,FL,32754,PARTCRX
H1099-014-0,FL,32754,PARTCRX
H1099-006-0,FL,32754,PARTCRX
H5415-076-0,FL,32754,PARTCRX
H8145-061-0,FL,32754,PARTCRX
H1045-030-0,FL,32754,PARTCRX
H1032-133-0,FL,32754,PARTCRX
H5521-033-0,FL,33004,PARTCRX
H1609-018-0,FL,33004,PARTCRX
H1016-021-0,FL,33004,PARTCRX
H1019-001-0,FL,33004,PARTCRX
H1026-061-0,FL,33004,PARTCRX
H5427-060-0,FL,33004,PARTCRX
H5431-012-0,FL,33004,PARTCRX
H5431-006-0,FL,33004,PARTCRX
H5415-075-0,FL,33004,PARTCRX
H5415-056-0,FL,33004,PARTCRX
H1036-065-0,FL,33004,PARTCRX
H1036-237-1,FL,33004,PARTCRX
H5594-001-0,FL,33004,PARTCRX
H5594-002-0,FL,33004,PARTCRX
H5471-051-0,FL,33004,PARTCRX
H9276-003-0,FL,33004,PARTCRX
H5420-003-0,FL,33004,PARTCRX
H1045-005-0,FL,33004,PARTCRX
H4627-006-0,FL,33004,PARTCRX
H4627-007-0,FL,33004,PARTCRX
H1032-179-0,FL,33004,PARTCRX
H1032-183-0,FL,33004,PARTCRX
H5938-001-0,FL,32421,PARTCRX
H5938-006-0,FL,32421,PARTCRX
H1609-025-0,FL,33917,PARTCRX
H1609-026-0,FL,33917,PARTCRX
H5415-071-0,FL,33917,PARTCRX
H1036-196-0,FL,33917,PARTCRX
H1045-028-0,FL,33917,PARTCRX
H2228-033-0,FL,33917,PARTCRX
H5427-093-0,FL,34423,PARTCRX
H1036-140-0,FL,34423,PARTCRX
H5594-019-0,FL,34423,PARTCRX
H2962-003-0,FL,34423,PARTCRX
H2962-004-0,FL,34423,PARTCRX
H1045-043-0,FL,34423,PARTCRX
H1609-021-0,FL,32003,PARTCRX
H2758-004-0,FL,32003,PARTCRX
H1036-068-0,FL,32003,PARTCRX
H1045-026-0,FL,32003,PARTCRX
H1036-218-0,FL,34101,PARTCRX
H1045-034-0,FL,34101,PARTCRX
H1045-042-0,FL,33865,PARTCRX
H1019-069-0,FL,32081,PARTCRX
H9276-001-0,FL,32081,PARTCRX
H1032-073-0,FL,32081,PARTCRX
H1045-031-0,FL,32501,PARTCRX
H1035-006-0,FL,32080,PARTCRX
H1035-002-0,FL,32080,PARTCRX
H1099-017-0,FL,32080,PARTCRX
H1099-016-0,FL,32080,PARTCRX
H1036-044-0,FL,32080,PARTCRX
H1036-157-0,FL,32080,PARTCRX
H1045-035-0,FL,32080,PARTCRX
H1045-041-0,FL,32324,PARTCRX
H1036-229-0,FL,33471,PARTCRX
H1036-230-0,FL,33834,PARTCRX
H1026-057-0,FL,33523,PARTCRX
H1036-067-0,FL,33523,PARTCRX
H1036-141-0,FL,33523,PARTCRX
H5594-032-0,FL,33523,PARTCRX
H2962-001-0,FL,33523,PARTCRX
H2962-002-0,FL,33523,PARTCRX
H1032-032-0,FL,33523,PARTCRX
H1032-174-0,FL,33523,PARTCRX
H5521-133-0,FL,33503,PARTCRX
H1609-020-0,FL,33503,PARTCRX
H1019-060-0,FL,33503,PARTCRX
H1019-054-0,FL,33503,PARTCRX
H1036-025-0,FL,33503,PARTCRX
H5471-052-0,FL,33503,PARTCRX
H5427-088-0,FL,32948,PARTCRX
H1045-036-0,FL,32948,PARTCRX
H1019-057-0,FL,32102,PARTCRX
H5427-094-0,FL,32102,PARTCRX
H5415-072-0,FL,32102,PARTCRX
H5594-026-0,FL,32102,PARTCRX
H1045-025-0,FL,32102,PARTCRX
H1045-027-0,FL,32102,PARTCRX
H1609-027-0,FL,33901,PARTCRX
H1036-217-0,FL,33901,PARTCRX
H5521-132-0,FL,33598,PARTCRX
H2758-002-0,FL,33598,PARTCRX
H5427-091-0,FL,33598,PARTCRX
H1036-074-0,FL,33598,PARTCRX
H5415-070-0,FL,33438,PARTCRX
H1032-091-0,FL,33438,PARTCRX
H1609-016-0,FL,33002,PARTCRX
H1609-014-0,FL,33002,PARTCRX
H1016-001-0,FL,33002,PARTCRX
H1019-076-0,FL,33002,PARTCRX
H1019-006-0,FL,33002,PARTCRX
H1026-001-0,FL,33002,PARTCRX
H1026-060-0,FL,33002,PARTCRX
H5431-001-0,FL,33002,PARTCRX
H1036-054-0,FL,33002,PARTCRX
H1036-237-2,FL,33002,PARTCRX
H5471-002-0,FL,33002,PARTCRX
H9276-004-0,FL,33002,PARTCRX
H5420-001-0,FL,33002,PARTCRX
H1045-001-0,FL,33002,PARTCRX
H4627-001-0,FL,33002,PARTCRX
H4627-002-0,FL,33002,PARTCRX
H1032-040-0,FL,33002,PARTCRX
H1609-024-0,FL,32703,PARTCRX
H1026-056-0,FL,32703,PARTCRX
H1026-062-0,FL,32703,PARTCRX
H5427-089-0,FL,32703,PARTCRX
H1036-146-0,FL,32703,PARTCRX
H5594-022-0,FL,32703,PARTCRX
H5471-043-0,FL,32703,PARTCRX
H1019-065-0,FL,33401,PARTCRX
H1026-038-0,FL,33401,PARTCRX
H1026-058-0,FL,33401,PARTCRX
H1036-062-0,FL,33401,PARTCRX
H1036-199-0,FL,33401,PARTCRX
H1045-037-0,FL,33401,PARTCRX
H1036-040-0,FL,33523,PARTCRX
H9276-002-0,FL,33523,PARTCRX
H2758-006-0,FL,33701,PARTCRX
H2758-008-0,FL,33701,PARTCRX
H1036-052-0,FL,33701,PARTCRX
H1609-022-0,FL,33547,PARTCRX
H1026-059-0,FL,33547,PARTCRX
H5427-092-0,FL,33547,PARTCRX
H5471-021-0,FL,33547,PARTCRX
H1036-215-0,FL,34223,PARTCRX
H0710-004-0,AL,36502,PARTCRX
H1036-214-0,FL,32044,PARTCRX
H1036-245-0,FL,32044,PARTCRX
H0710-012-0,FL,32044,PARTCRX
R7444-012-0,FL,32044,PARTCRX
R7444-013-0,FL,32044,PARTCRX
H0710-010-0,FL,32044,PARTCRX
H1032-124-0,FL,32044,PARTCRX
H1032-175-0,FL,32044,PARTCRX
H1032-182-0,FL,32044,PARTCRX
H1036-175-0,FL,32040,PARTCRX
H1036-210-0,FL,32040,PARTCRX
H1036-243-0,FL,32040,PARTCRX
H5190-001-0,FL,32040,PARTCRX
H5427-087-0,FL,32754,PARTCRX
H5427-078-0,FL,32754,PARTCRX
H5427-082-0,FL,32754,PARTCRX
H5594-034-0,FL,32754,PARTCRX
H5594-017-0,FL,32754,PARTCRX
H5594-016-0,FL,32754,PARTCRX
H1045-040-0,FL,32754,PARTCRX
H1609-017-0,FL,33004,PARTCRX
H3132-001-0,FL,33004,PARTCRX
H1019-081-0,FL,33004,PARTCRX
H1019-023-0,FL,33004,PARTCRX
H5427-083-0,FL,33004,PARTCRX
H1036-121-0,FL,33004,PARTCRX
H1036-103-0,FL,33004,PARTCRX
H1036-255-0,FL,33004,PARTCRX
H8130-001-0,FL,33004,PARTCRX
H5471-053-0,FL,33004,PARTCRX
H5471-055-0,FL,33004,PARTCRX
H5471-050-0,FL,33004,PARTCRX
H5471-054-0,FL,33004,PARTCRX
H5190-003-0,FL,33004,PARTCRX
H5420-006-0,FL,33004,PARTCRX
H1045-012-0,FL,33004,PARTCRX
H4627-009-0,FL,33004,PARTCRX
H4627-008-0,FL,33004,PARTCRX
H4627-010-0,FL,33004,PARTCRX
H1032-061-0,FL,33004,PARTCRX
H5594-035-0,FL,33917,PARTCRX
H1045-039-0,FL,33917,PARTCRX
H5427-070-0,FL,34423,PARTCRX
H5427-072-0,FL,34423,PARTCRX
H5427-077-0,FL,34423,PARTCRX
H1036-102-0,FL,34423,PARTCRX
H1036-251-0,FL,34423,PARTCRX
H5594-030-0,FL,34423,PARTCRX
H5594-031-0,FL,34423,PARTCRX
H2758-007-0,FL,32003,PARTCRX
H1019-085-0,FL,32081,PARTCRX
H1019-073-0,FL,32081,PARTCRX
H1036-156-0,FL,32080,PARTCRX
H1036-209-0,FL,32080,PARTCRX
H1036-241-0,FL,32080,PARTCRX
H1036-226-0,FL,33471,PARTCRX
H1036-249-0,FL,33471,PARTCRX
H1036-231-0,FL,33834,PARTCRX
H1036-253-0,FL,33834,PARTCRX
H1036-160-0,FL,33523,PARTCRX
H5594-028-0,FL,33523,PARTCRX
H5594-029-0,FL,33523,PARTCRX
H1609-019-0,FL,33503,PARTCRX
H1019-079-0,FL,33503,PARTCRX
H1019-026-0,FL,33503,PARTCRX
H5471-056-0,FL,33503,PARTCRX
H5471-049-0,FL,33503,PARTCRX
H5190-002-0,FL,33503,PARTCRX
H1019-077-0,FL,32102,PARTCRX
H1019-028-0,FL,32102,PARTCRX
H2758-005-0,FL,33598,PARTCRX
H1609-015-0,FL,33002,PARTCRX
H1019-083-0,FL,33002,PARTCRX
H1019-024-0,FL,33002,PARTCRX
H1036-077-0,FL,33002,PARTCRX
H1036-257-0,FL,33002,PARTCRX
H5471-008-0,FL,33002,PARTCRX
H5471-009-0,FL,33002,PARTCRX
H5471-001-0,FL,33002,PARTCRX
H5471-012-0,FL,33002,PARTCRX
H5190-004-0,FL,33002,PARTCRX
H1045-018-0,FL,33002,PARTCRX
H4627-003-0,FL,33002,PARTCRX
H4627-004-0,FL,33002,PARTCRX
H4627-005-0,FL,33002,PARTCRX
H1032-170-0,FL,33002,PARTCRX
H1032-176-0,FL,33002,PARTCRX
H1609-023-0,FL,32703,PARTCRX
H1036-213-0,FL,32703,PARTCRX
H1036-247-0,FL,32703,PARTCRX
H5471-039-0,FL,32703,PARTCRX
H5471-042-0,FL,32703,PARTCRX
H1036-130-0,FL,33401,PARTCRX
H1036-104-0,FL,33401,PARTCRX
H1036-259-0,FL,33401,PARTCRX
H1045-038-0,FL,33401,PARTCRX
H5471-007-0,FL,33547,PARTCRX
H5471-020-0,FL,33547,PARTCRX
H1036-261-0,FL,34223,PARTCRX
H1036-262-0,FL,34223,PARTCRX
H0104-013-0,AL,36003,PARTCRX
H0104-015-0,AL,36003,PARTCRX
H8145-075-0,AL,36003,PARTCRX
H6609-118-0,AL,36003,PARTCRX
H2802-041-0,AL,36003,PARTCRX
H2802-042-0,AL,36003,PARTCRX
H0154-015-1,AL,36003,PARTCRX
H0104-014-0,AL,36502,PARTCRX
H5525-020-0,AL,36502,PARTCRX
H2012-003-0,AL,36502,PARTCRX
H6609-119-0,AL,36005,PARTCRX
H2012-002-0,AL,35034,PARTCRX
H0154-014-0,AL,35013,PARTCRX
H6609-097-0,AL,35582,PARTCRX
H2012-097-0,AL,35610,PARTCRX
H5521-116-0,AL,36505,PARTCRX
H6609-088-0,AR,72301,PARTCRX
H5521-154-0,MS,38611,PARTCRX
H7200-013-0,TN,37705,PARTCRX
H8146-005-0,TN,37705,PARTCRX
H8146-013-0,TN,37705,PARTCRX
H7917-010-0,TN,37705,PARTCRX
H7917-014-0,TN,37705,PARTCRX
H7917-030-0,TN,37705,PARTCRX
H4461-030-2,TN,37705,PARTCRX
H4461-031-2,TN,37705,PARTCRX
H6609-091-0,TN,37705,PARTCRX
H1416-039-0,TN,37705,PARTCRX
H1416-042-0,TN,37705,PARTCRX
H1416-031-0,TN,37705,PARTCRX
H8146-003-0,TN,37018,PARTCRX
H8146-009-0,TN,37018,PARTCRX
H7917-009-0,TN,37018,PARTCRX
H7917-032-0,TN,37018,PARTCRX
H7917-013-0,TN,37018,PARTCRX
H4461-029-0,TN,37018,PARTCRX
H6609-089-0,TN,37018,PARTCRX
H7200-007-0,TN,38221,PARTCRX
H7917-008-0,TN,38221,PARTCRX
H7917-033-0,TN,38221,PARTCRX
H7917-012-0,TN,38221,PARTCRX
H8146-011-0,TN,37321,PARTCRX
H4461-030-3,TN,37321,PARTCRX
H4461-031-3,TN,37321,PARTCRX
H6609-090-0,TN,37321,PARTCRX
H8146-012-0,TN,37310,PARTCRX
H7917-011-0,TN,37601,PARTCRX
H7917-015-0,TN,37601,PARTCRX
H7917-031-0,TN,37601,PARTCRX
H4461-030-1,TN,37601,PARTCRX
H4461-031-1,TN,37601,PARTCRX
H5521-141-0,TN,37015,PARTCRX
H3931-116-0,TN,37015,PARTCRX
H8146-010-0,TN,37015,PARTCRX
H5253-083-0,TN,37011,PARTCRX
H5253-084-0,TN,37011,PARTCRX
H8146-008-0,TN,38002,PARTCRX
H4461-025-0,TN,38002,PARTCRX
H5253-081-0,TN,38002,PARTCRX
H5253-082-0,TN,38002,PARTCRX
H8146-014-0,TN,37616,PARTCRX
H0154-012-0,AL,36003,PARTCRX
H2012-070-0,AL,36502,PARTCRX
H2802-044-0,AL,36502,PARTCRX
H7200-006-0,TN,37705,PARTCRX
H3259-001-0,TN,37705,PARTCRX
H4461-022-0,TN,37705,PARTCRX
H0251-002-0,TN,37705,PARTCRX
H5008-001-0,TN,37705,PARTCRX
H1416-035-0,TN,37705,PARTCRX
H5883-004-3,MI,48705,PARTCRX
H5883-002-3,MI,48705,PARTCRX
H5883-003-3,MI,48705,PARTCRX
H9572-003-3,MI,48705,PARTCRX
H9572-004-3,MI,48705,PARTCRX
H9572-001-3,MI,48705,PARTCRX
H9572-002-3,MI,48705,PARTCRX
R5826-006-0,MI,48705,PARTCRX
H2320-008-0,MI,48705,PARTCRX
H4875-018-3,MI,48705,PARTCRX
H2320-022-3,MI,48705,PARTCRX
H4875-016-1,MI,48705,PARTCRX
H4875-017-3,MI,48705,PARTCRX
H2320-012-0,MI,48705,PARTCRX
H2161-002-0,MI,49806,PARTCRX
H5883-004-1,MI,49010,PARTCRX
H5883-002-1,MI,49010,PARTCRX
H5883-003-1,MI,49010,PARTCRX
H9572-003-1,MI,49010,PARTCRX
H9572-004-1,MI,49010,PARTCRX
H9572-001-1,MI,49010,PARTCRX
H9572-002-1,MI,49010,PARTCRX
H8145-006-0,MI,49010,PARTCRX
H5216-009-0,MI,49010,PARTCRX
H2320-013-0,MI,49010,PARTCRX
H4875-018-1,MI,49010,PARTCRX
H2320-022-1,MI,49010,PARTCRX
H4875-016-4,MI,49010,PARTCRX
H4875-017-1,MI,49010,PARTCRX
H2320-015-0,MI,49010,PARTCRX
H2320-016-0,MI,48762,PARTCRX
H4875-018-4,MI,48762,PARTCRX
H2320-022-4,MI,48762,PARTCRX
H4875-016-2,MI,48762,PARTCRX
H4875-017-4,MI,48762,PARTCRX
H2320-018-0,MI,48762,PARTCRX
H5883-004-4,MI,49611,PARTCRX
H5883-002-4,MI,49611,PARTCRX
H5883-003-4,MI,49611,PARTCRX
H9572-003-4,MI,49611,PARTCRX
H9572-004-4,MI,49611,PARTCRX
H9572-001-4,MI,49611,PARTCRX
H9572-002-4,MI,49611,PARTCRX
H0141-004-2,MI,49611,PARTCRX
H0141-006-2,MI,49611,PARTCRX
H0141-005-3,MI,49611,PARTCRX
H2322-008-0,MI,48610,PARTCRX
H2322-004-0,MI,48610,PARTCRX
H5883-007-0,MI,48610,PARTCRX
H5883-009-3,MI,48610,PARTCRX
H2354-015-0,MI,48610,PARTCRX
H2354-020-0,MI,48610,PARTCRX
H2354-021-0,MI,48610,PARTCRX
H2354-022-0,MI,48610,PARTCRX
H2320-019-0,MI,48610,PARTCRX
H4875-018-5,MI,48610,PARTCRX
H2320-022-5,MI,48610,PARTCRX
H4875-016-3,MI,48610,PARTCRX
H4875-017-5,MI,48610,PARTCRX
H2320-021-0,MI,48610,PARTCRX
H5475-005-0,MI,48849,PARTCRX
H0141-004-1,MI,48601,PARTCRX
H0141-006-1,MI,48601,PARTCRX
H0141-005-1,MI,48601,PARTCRX
H9572-003-2,MI,49022,PARTCRX
H9572-004-2,MI,49022,PARTCRX
H9572-001-2,MI,49022,PARTCRX
H9572-002-2,MI,49022,PARTCRX
H2320-007-0,MI,49022,PARTCRX
H4875-018-2,MI,49022,PARTCRX
H2320-022-2,MI,49022,PARTCRX
H4875-016-5,MI,49022,PARTCRX
H4875-017-2,MI,49022,PARTCRX
H2320-011-0,MI,49022,PARTCRX
H5883-004-2,MI,49011,PARTCRX
H5883-002-2,MI,49011,PARTCRX
H5883-003-2,MI,49011,PARTCRX
H5521-148-0,MI,48612,PARTCRX
H5475-002-0,MI,48411,PARTCRX
H5475-003-0,MI,48411,PARTCRX
H5475-006-0,MI,48411,PARTCRX
H8908-001-0,MI,48805,PARTCRX
H5883-009-2,MI,48809,PARTCRX
H5883-008-2,MI,48809,PARTCRX
H8908-002-0,MI,48809,PARTCRX
H3653-004-0,MI,49220,PARTCRX
H3653-015-0,MI,49220,PARTCRX
H5883-004-5,MI,48005,PARTCRX
H5883-002-7,MI,48005,PARTCRX
H5883-003-5,MI,48005,PARTCRX
H9572-003-6,MI,48005,PARTCRX
H9572-004-6,MI,48005,PARTCRX
H9572-001-6,MI,48005,PARTCRX
H9572-002-6,MI,48005,PARTCRX
H2354-018-0,MI,48005,PARTCRX
H7960-002-0,MI,48005,PARTCRX
H7960-001-0,MI,48005,PARTCRX
H5216-011-0,MI,48005,PARTCRX
H5883-009-1,MI,49303,PARTCRX
H5883-008-1,MI,49303,PARTCRX
H5521-149-0,MI,48007,PARTCRX
H5475-004-0,MI,48849,PARTCRX
H5475-001-0,MI,48411,PARTCRX
H5926-001-0,MI,48411,PARTCRX
H5685-001-0,MI,48005,PARTCRX
H0192-001-0,MI,48005,PARTCRX
H0480-001-0,MI,48849,PARTCRX
H1977-001-0,MI,49806,PARTCRX
H7844-001-0,MI,48005,PARTCRX
H8026-001-0,MI,48849,PARTCRX
H9487-001-0,MI,48005,PARTCRX
H9712-001-0,MI,48005,PARTCRX
H6609-081-0,IN,47001,PARTCRX
H1463-013-0,IN,46127,PARTCRX
H1463-012-0,IN,46127,PARTCRX
H5521-020-0,KY,41005,PARTCRX
H5525-030-0,KY,41005,PARTCRX
H6622-019-0,KY,41005,PARTCRX
H5253-053-0,KY,41005,PARTCRX
H5253-054-0,KY,41005,PARTCRX
H5253-052-0,KY,41005,PARTCRX
R6694-003-0,OH,45101,PARTCRX
R6694-005-0,OH,45101,PARTCRX
R5941-014-0,OH,45101,PARTCRX
H9190-006-0,OH,45101,PARTCRX
H9190-019-0,OH,45101,PARTCRX
R5826-007-0,OH,45101,PARTCRX
H6723-002-2,OH,45101,PARTCRX
H6723-001-2,OH,45101,PARTCRX
H6298-012-2,OH,45101,PARTCRX
H4497-002-2,OH,45101,PARTCRX
H4497-003-2,OH,45101,PARTCRX
H4497-001-2,OH,45101,PARTCRX
H6298-011-2,OH,45101,PARTCRX
H6298-010-2,OH,45101,PARTCRX
H3668-016-0,OH,45101,PARTCRX
H3668-017-0,OH,45101,PARTCRX
H3655-032-0,OH,45801,PARTCRX
H6609-084-0,OH,45801,PARTCRX
H6622-016-0,OH,45801,PARTCRX
H6622-020-0,OH,45801,PARTCRX
H3660-047-0,OH,45801,PARTCRX
H3660-048-0,OH,45801,PARTCRX
H5521-134-0,OH,44235,PARTCRX
H3931-107-0,OH,44235,PARTCRX
H4036-010-2,OH,44235,PARTCRX
H8145-032-0,OH,44235,PARTCRX
H6723-002-1,OH,44235,PARTCRX
H6723-001-1,OH,44235,PARTCRX
H4497-002-1,OH,44235,PARTCRX
H4497-003-1,OH,44235,PARTCRX
H4497-001-1,OH,44235,PARTCRX
H3660-044-0,OH,44235,PARTCRX
H3660-029-0,OH,44235,PARTCRX
H3672-013-0,OH,44235,PARTCRX
H3672-018-0,OH,44235,PARTCRX
H8604-010-0,OH,44235,PARTCRX
H3660-028-0,OH,44003,PARTCRX
H3233-001-0,OH,43331,PARTCRX
H4036-012-1,OH,43713,PARTCRX
H3655-034-0,OH,43713,PARTCRX
H1608-029-0,OH,43713,PARTCRX
H6609-149-1,OH,43713,PARTCRX
H5521-087-0,OH,45101,PARTCRX
H6298-012-1,OH,45101,PARTCRX
H6298-011-1,OH,45101,PARTCRX
H6298-010-1,OH,45101,PARTCRX
H1846-004-0,OH,45101,PARTCRX
H3931-109-0,OH,45003,PARTCRX
H6396-001-0,OH,45003,PARTCRX
H6396-002-0,OH,45003,PARTCRX
H6396-004-0,OH,45003,PARTCRX
H6622-021-2,OH,45003,PARTCRX
H9208-001-0,OH,45003,PARTCRX
H4036-010-1,OH,43903,PARTCRX
H6622-014-0,OH,43903,PARTCRX
H3664-021-0,OH,43903,PARTCRX
H3664-020-0,OH,43903,PARTCRX
H3664-017-0,OH,43903,PARTCRX
H3660-050-0,OH,43903,PARTCRX
H3931-110-0,OH,43010,PARTCRX
H5521-090-0,OH,43010,PARTCRX
H6622-013-0,OH,43010,PARTCRX
H3668-005-0,OH,43010,PARTCRX
H3668-011-0,OH,43010,PARTCRX
H3668-014-0,OH,43006,PARTCRX
H3668-015-0,OH,43006,PARTCRX
H4036-012-2,OH,44017,PARTCRX
H6609-082-0,OH,44017,PARTCRX
H6622-011-0,OH,44017,PARTCRX
H6622-022-0,OH,44017,PARTCRX
H5253-050-0,OH,44017,PARTCRX
H5253-051-0,OH,44017,PARTCRX
H5253-049-0,OH,44017,PARTCRX
H3931-108-0,OH,43003,PARTCRX
H5521-089-0,OH,43003,PARTCRX
H6609-083-0,OH,43003,PARTCRX
H5253-063-0,OH,43003,PARTCRX
H5253-062-0,OH,43003,PARTCRX
H6622-012-0,OH,43153,PARTCRX
H5521-088-0,OH,43316,PARTCRX
H3660-049-0,OH,43412,PARTCRX
H5253-055-0,OH,43412,PARTCRX
H5253-056-0,OH,43412,PARTCRX
H5253-057-0,OH,43412,PARTCRX
H6622-017-0,KY,41005,PARTCRX
H9190-001-0,OH,45101,PARTCRX
H9190-002-0,OH,45101,PARTCRX
H5322-028-0,OH,45101,PARTCRX
H3655-033-0,OH,45801,PARTCRX
H0908-001-0,OH,45801,PARTCRX
H0710-027-0,OH,45801,PARTCRX
H3672-017-0,OH,44235,PARTCRX
H6622-015-0,OH,45003,PARTCRX
H0490-004-0,OH,45003,PARTCRX
H3233-002-0,OH,45003,PARTCRX
H5253-059-0,OH,45003,PARTCRX
H2406-001-0,OH,45003,PARTCRX
H5253-061-0,OH,43010,PARTCRX
H5253-060-0,OH,43010,PARTCRX
H0022-001-0,OH,43010,PARTCRX
H2531-001-0,OH,43920,PARTCRX
H5280-001-0,OH,45003,PARTCRX
H7172-001-0,OH,45003,PARTCRX
H8452-001-0,OH,43920,PARTCRX
H1463-003-0,IL,61839,PARTCRX
H1463-010-0,IL,61839,PARTCRX
H1463-009-0,IL,61839,PARTCRX
H1463-019-0,IL,61839,PARTCRX
H1463-017-0,IL,61839,PARTCRX
H1463-015-0,IL,61839,PARTCRX
R5941-015-0,IN,46711,PARTCRX
H9162-001-0,IN,46711,PARTCRX
H9162-002-0,IN,46711,PARTCRX
H9162-004-0,IN,46711,PARTCRX
H2012-028-0,IN,46711,PARTCRX
H8145-011-0,IN,46711,PARTCRX
H1510-005-0,IN,46711,PARTCRX
R5826-008-0,IN,46711,PARTCRX
H2228-019-0,IN,46711,PARTCRX
H2802-008-0,IN,46711,PARTCRX
H2802-015-0,IN,46711,PARTCRX
H5521-099-0,IN,46704,PARTCRX
H9954-002-0,IN,46704,PARTCRX
H7220-004-0,IN,46704,PARTCRX
H7220-003-0,IN,46704,PARTCRX
H2228-020-0,IN,46704,PARTCRX
H2802-007-0,IN,46704,PARTCRX
H9954-006-0,IN,46124,PARTCRX
H1510-004-0,IN,46124,PARTCRX
H2802-010-0,IN,46124,PARTCRX
H2802-014-0,IN,46124,PARTCRX
H5525-008-0,IN,46952,PARTCRX
H2228-021-0,IN,46952,PARTCRX
H2012-009-0,IN,46035,PARTCRX
H1510-001-0,IN,46035,PARTCRX
H1607-012-0,IN,46160,PARTCRX
H2012-012-0,IN,47104,PARTCRX
H6609-077-0,IN,47104,PARTCRX
H2802-016-0,IN,47104,PARTCRX
H2802-017-0,IN,47104,PARTCRX
H2802-020-0,IN,47427,PARTCRX
H2802-021-0,IN,47427,PARTCRX
H2944-124-0,IN,47001,PARTCRX
H9954-005-0,IN,46507,PARTCRX
H2012-027-0,IN,47612,PARTCRX
H2228-022-0,IN,47612,PARTCRX
H2802-012-0,IN,47612,PARTCRX
H2802-013-0,IN,47612,PARTCRX
H2802-018-0,IN,46310,PARTCRX
H2802-019-0,IN,46310,PARTCRX
H2012-102-0,IN,46303,PARTCRX
H5521-151-0,IN,46077,PARTCRX
H2012-056-0,IN,46501,PARTCRX
H5521-152-0,IN,47612,PARTCRX
H5525-022-0,KY,40355,PARTCRX
H2944-127-0,KY,40355,PARTCRX
H8289-002-0,KY,42120,PARTCRX
H5530-006-1,KY,40012,PARTCRX
H1493-001-0,KY,40012,PARTCRX
H1493-002-0,KY,40012,PARTCRX
H1493-004-0,KY,40012,PARTCRX
H9190-018-0,KY,40012,PARTCRX
H9190-021-0,KY,40012,PARTCRX
H6609-080-0,KY,42123,PARTCRX
H1849-018-0,KY,40311,PARTCRX
H6609-078-0,KY,40311,PARTCRX
H5521-085-0,KY,41005,PARTCRX
H6622-021-1,KY,41005,PARTCRX
H9208-002-0,KY,41005,PARTCRX
H9730-002-0,KY,41005,PARTCRX
H8289-001-0,KY,40311,PARTCRX
H2012-011-0,KY,40311,PARTCRX
H5530-006-2,KY,40013,PARTCRX
H5253-067-0,KY,40324,PARTCRX
H5253-068-0,KY,40324,PARTCRX
H1036-236-0,KY,40014,PARTCRX
H2012-084-0,IN,46711,PARTCRX
H2012-064-0,IN,46711,PARTCRX
H0710-013-0,IN,46711,PARTCRX
H9954-004-0,IN,46704,PARTCRX
H2012-104-0,IN,47104,PARTCRX
H9190-013-0,KY,40012,PARTCRX
H9190-014-0,KY,40012,PARTCRX
H1849-017-0,KY,40311,PARTCRX
H6622-018-0,KY,41005,PARTCRX
H9730-003-0,KY,41005,PARTCRX
H9730-004-0,KY,41005,PARTCRX
H2012-103-0,KY,40311,PARTCRX
H9870-001-0,KY,40013,PARTCRX
H2400-001-0,KY,40353,PARTCRX
H1036-234-0,KY,40014,PARTCRX
H1036-235-0,KY,40014,PARTCRX
H7301-002-0,IL,61839,PARTCRX
H7301-007-0,IL,61839,PARTCRX
H5216-013-0,IL,61839,PARTCRX
R5826-009-0,IL,61839,PARTCRX
H1608-013-0,IL,62017,PARTCRX
H2663-006-0,IL,62017,PARTCRX
H2663-002-0,IL,62017,PARTCRX
H8145-008-0,IL,62017,PARTCRX
H3071-002-0,IL,60033,PARTCRX
H3071-003-0,IL,60033,PARTCRX
H2663-016-0,IL,60033,PARTCRX
H7301-006-0,IL,60033,PARTCRX
H5525-004-0,IL,60033,PARTCRX
H1406-026-0,IL,60033,PARTCRX
H5779-003-0,IL,60033,PARTCRX
H5779-005-0,IL,60033,PARTCRX
H2802-045-0,IL,60033,PARTCRX
H5253-046-0,IL,61243,PARTCRX
H1416-024-0,IL,60936,PARTCRX
H1416-048-0,IL,60936,PARTCRX
H1416-023-0,IL,60936,PARTCRX
H1416-009-0,IL,60936,PARTCRX
H5521-016-0,IL,60004,PARTCRX
H3931-106-0,IL,60004,PARTCRX
H5521-086-0,IL,60004,PARTCRX
H8634-003-0,IL,60004,PARTCRX
H8634-004-0,IL,60004,PARTCRX
H3822-001-0,IL,60004,PARTCRX
H3822-007-0,IL,60004,PARTCRX
H3822-008-0,IL,60004,PARTCRX
H1406-013-0,IL,60004,PARTCRX
H2802-024-0,IL,60004,PARTCRX
H2802-025-0,IL,60004,PARTCRX
H2802-026-0,IL,60004,PARTCRX
H1416-049-0,IL,61810,PARTCRX
H1406-028-0,IL,60007,PARTCRX
H3416-001-4,IL,61415,PARTCRX
H3416-002-2,IL,61415,PARTCRX
H3416-001-5,IL,61001,PARTCRX
H3416-002-3,IL,61001,PARTCRX
H1406-022-0,IL,60010,PARTCRX
H5521-153-0,IL,60401,PARTCRX
H1468-007-0,IL,61401,PARTCRX
H5779-002-0,IL,61401,PARTCRX
H2663-005-0,IL,62001,PARTCRX
H2610-005-0,IL,62001,PARTCRX
H2610-006-0,IL,62001,PARTCRX
H2649-023-0,IL,62001,PARTCRX
H1716-001-0,IL,62001,PARTCRX
H1716-021-0,IL,62001,PARTCRX
H2802-028-0,IL,62001,PARTCRX
H2228-030-0,IL,62001,PARTCRX
H2802-023-0,IL,60919,PARTCRX
H2663-017-0,IL,61451,PARTCRX
H5253-078-0,IL,61451,PARTCRX
H5262-001-0,IA,52101,PARTCRX
H5262-003-0,IA,52101,PARTCRX
H2450-016-0,MN,55735,PARTCRX
H2450-001-0,MN,55735,PARTCRX
H2450-017-0,MN,55735,PARTCRX
H2450-002-0,MN,55735,PARTCRX
H2450-007-0,MN,55735,PARTCRX
H2450-022-0,MN,55735,PARTCRX
H2450-023-0,MN,55735,PARTCRX
H5211-002-0,WI,53910,PARTCRX
H5211-004-0,WI,53910,PARTCRX
H0294-004-0,WI,53910,PARTCRX
H2462-017-0,WI,54004,PARTCRX
H4036-008-0,WI,54110,PARTCRX
H9525-006-0,WI,54110,PARTCRX
H5216-001-0,WI,54110,PARTCRX
H6622-001-0,WI,54110,PARTCRX
H5215-002-0,WI,54110,PARTCRX
H5215-005-0,WI,54110,PARTCRX
H5215-008-0,WI,54110,PARTCRX
H5211-009-0,WI,54110,PARTCRX
H5211-008-0,WI,54110,PARTCRX
H5253-011-0,WI,54110,PARTCRX
H5253-076-0,WI,54110,PARTCRX
H5253-034-0,WI,54110,PARTCRX
H4036-009-0,WI,53532,PARTCRX
H9096-001-0,WI,53532,PARTCRX
H9096-002-0,WI,53532,PARTCRX
H9096-003-0,WI,53532,PARTCRX
H5216-006-0,WI,53532,PARTCRX
H5211-007-0,WI,53532,PARTCRX
H5262-007-0,WI,53507,PARTCRX
H5262-008-0,WI,53507,PARTCRX
H5253-030-0,WI,53518,PARTCRX
H5253-077-0,WI,53518,PARTCRX
H9525-004-0,WI,53036,PARTCRX
H9525-005-0,WI,53101,PARTCRX
H6622-002-0,WI,53101,PARTCRX
H5253-073-0,WI,54411,PARTCRX
H5253-074-0,WI,54411,PARTCRX
H5253-072-0,WI,54411,PARTCRX
H5521-150-0,WI,53110,PARTCRX
H5215-010-0,WI,53110,PARTCRX
H5215-009-0,WI,53110,PARTCRX
H5253-004-0,WI,53110,PARTCRX
H5253-075-0,WI,53110,PARTCRX
H5253-033-0,WI,53110,PARTCRX
H5262-011-0,WI,53005,PARTCRX
H5262-012-0,WI,53005,PARTCRX
H3071-001-0,IL,60033,PARTCRX
H1416-007-0,IL,60936,PARTCRX
H1343-001-0,IL,60004,PARTCRX
H1406-032-0,IL,60004,PARTCRX
H2802-027-0,IL,60004,PARTCRX
H1406-029-0,IL,60007,PARTCRX
H0710-016-0,IL,62001,PARTCRX
H0281-001-0,IL,60004,PARTCRX
H0336-001-0,IL,60004,PARTCRX
H0927-001-0,IL,60004,PARTCRX
H2506-001-0,IL,60004,PARTCRX
H6080-001-0,IL,60004,PARTCRX
H8046-001-0,IL,60936,PARTCRX
H2237-001-0,WI,53910,PARTCRX
H8189-001-0,WI,53910,PARTCRX
H0294-002-0,WI,53910,PARTCRX
H9525-003-0,WI,54110,PARTCRX
H5215-007-0,WI,54110,PARTCRX
H5253-064-0,WI,54110,PARTCRX
H5253-024-0,WI,54110,PARTCRX
H3794-002-0,WI,54110,PARTCRX
H5253-007-0,WI,54110,PARTCRX
H2034-001-0,WI,53014,PARTCRX
H2034-002-0,WI,53014,PARTCRX
H5211-010-0,WI,54405,PARTCRX
H5209-004-0,WI,53532,PARTCRX
H5209-002-0,WI,53532,PARTCRX
H2237-007-0,WI,53507,PARTCRX
H2237-009-0,WI,53101,PARTCRX
H3794-001-0,WI,53101,PARTCRX
H2879-001-0,WI,53110,PARTCRX
H8145-122-0,AR,72003,PARTCRX
R5826-010-0,AR,72003,PARTCRX
R3444-012-0,AR,72003,PARTCRX
H1416-041-0,AR,72003,PARTCRX
H1416-032-0,AR,72003,PARTCRX
H4213-017-1,AR,72519,PARTCRX
H2012-099-2,AR,72519,PARTCRX
H6609-123-0,AR,72519,PARTCRX
H6609-126-0,AR,72519,PARTCRX
H4213-017-5,AR,72704,PARTCRX
H1608-021-0,AR,72704,PARTCRX
H2663-029-0,AR,72704,PARTCRX
H9699-004-1,AR,72704,PARTCRX
H2012-099-1,AR,72704,PARTCRX
H2802-037-0,AR,72704,PARTCRX
H2802-038-0,AR,72704,PARTCRX
H4213-017-2,AR,71721,PARTCRX
H4213-017-6,AR,72044,PARTCRX
H9699-004-2,AR,72044,PARTCRX
H2012-082-0,AR,72044,PARTCRX
H6947-001-0,AR,72001,PARTCRX
H8091-002-0,AR,72401,PARTCRX
H8091-004-0,AR,72401,PARTCRX
H2012-080-0,AR,71801,PARTCRX
H2802-039-0,AR,71601,PARTCRX
H2802-040-0,AR,71601,PARTCRX
H2663-030-0,AR,71933,PARTCRX
H9699-004-3,AR,72063,PARTCRX
H1608-016-0,KS,66039,PARTCRX
H1608-023-0,KS,66039,PARTCRX
H2944-013-0,KS,66039,PARTCRX
H1608-018-0,KS,66713,PARTCRX
H2649-062-2,KS,66006,PARTCRX
H1352-001-0,KS,66013,PARTCRX
H1352-002-0,KS,66013,PARTCRX
H2663-026-0,KS,66013,PARTCRX
H2649-062-1,KS,66013,PARTCRX
H2802-033-0,KS,66013,PARTCRX
H2802-032-0,KS,66013,PARTCRX
H9886-004-0,MO,64842,PARTCRX
H2663-021-0,MO,64842,PARTCRX
H2663-023-0,MO,64842,PARTCRX
H2649-059-2,MO,64842,PARTCRX
H8145-125-0,MO,64842,PARTCRX
H2610-011-0,MO,65010,PARTCRX
H2802-029-0,MO,65010,PARTCRX
H2649-059-1,MO,64744,PARTCRX
H1517-007-0,MO,65610,PARTCRX
H2610-015-0,MO,65610,PARTCRX
H2802-031-0,MO,65610,PARTCRX
H2802-030-0,MO,65610,PARTCRX
H2228-048-0,MO,63080,PARTCRX
H2663-015-0,MO,63005,PARTCRX
R3444-011-0,AR,72003,PARTCRX
R3444-009-0,AR,72003,PARTCRX
R3444-008-0,AR,72003,PARTCRX
H1416-033-0,AR,72003,PARTCRX
H1416-043-0,AR,72003,PARTCRX
H1587-001-0,AR,72519,PARTCRX
H9886-003-0,MO,64842,PARTCRX
H2649-028-0,MO,64842,PARTCRX
H4172-001-0,MO,65020,PARTCRX
H4490-001-0,MO,64012,PARTCRX
H1951-042-0,LA,70515,PARTCRX
H1961-017-0,LA,70515,PARTCRX
H2491-007-0,LA,70515,PARTCRX
H5521-136-0,LA,70346,PARTCRX
H3928-001-0,LA,70346,PARTCRX
H6453-001-0,LA,70346,PARTCRX
H1951-048-1,LA,70346,PARTCRX
H1961-014-1,LA,70346,PARTCRX
H1951-047-2,LA,70301,PARTCRX
H5576-021-2,LA,70301,PARTCRX
H5525-015-0,LA,71001,PARTCRX
H3928-002-0,LA,71006,PARTCRX
H1951-013-0,LA,71006,PARTCRX
H1951-025-0,LA,70601,PARTCRX
H5576-017-1,LA,71027,PARTCRX
H5576-018-1,LA,71027,PARTCRX
H5576-020-1,LA,71027,PARTCRX
H1951-039-0,LA,70704,PARTCRX
H1961-009-0,LA,70704,PARTCRX
H5576-021-1,LA,70704,PARTCRX
H1951-048-2,LA,70722,PARTCRX
H6453-002-0,LA,70001,PARTCRX
H1951-047-1,LA,70001,PARTCRX
H1951-038-0,LA,70001,PARTCRX
H1961-016-0,LA,70001,PARTCRX
H6453-004-0,LA,70501,PARTCRX
H6453-003-0,LA,70420,PARTCRX
H1951-028-0,LA,70420,PARTCRX
H1961-014-2,LA,70420,PARTCRX
H1951-024-0,LA,70401,PARTCRX
H1961-007-0,LA,70401,PARTCRX
H1416-026-0,MS,39120,PARTCRX
H1416-038-0,MS,39120,PARTCRX
H6609-106-0,MS,39051,PARTCRX
H1036-151-0,MS,39051,PARTCRX
H8145-087-0,MS,38839,PARTCRX
H1036-223-0,MS,38611,PARTCRX
H6609-105-0,MS,39452,PARTCRX
H9811-001-0,MS,39452,PARTCRX
H1036-171-0,MS,39470,PARTCRX
H1961-003-0,LA,70515,PARTCRX
H2491-006-0,LA,70515,PARTCRX
H2491-008-0,LA,70515,PARTCRX
H1951-032-0,LA,70346,PARTCRX
H1951-033-0,LA,70301,PARTCRX
H1951-041-0,LA,71006,PARTCRX
H1951-044-0,LA,70001,PARTCRX
H5008-010-0,LA,70001,PARTCRX
H1951-034-0,LA,70420,PARTCRX
H1416-034-0,MS,39120,PARTCRX
H1416-044-0,MS,39120,PARTCRX
H1036-222-0,MS,39051,PARTCRX
H1416-040-0,MS,39301,PARTCRX
H5008-011-0,MS,38611,PARTCRX
H2228-023-0,NM,79835,PARTCRX
H6609-108-0,TX,75148,PARTCRX
R5826-012-0,TX,75148,PARTCRX
R5826-091-0,TX,75148,PARTCRX
H6609-151-0,TX,75148,PARTCRX
H4564-002-0,TX,75148,PARTCRX
H4564-005-0,TX,75148,PARTCRX
H4564-001-0,TX,75148,PARTCRX
H4564-004-0,TX,75148,PARTCRX
H4564-015-0,TX,75148,PARTCRX
H4564-017-0,TX,75148,PARTCRX
H4564-018-0,TX,75148,PARTCRX
R6801-012-0,TX,75148,PARTCRX
H5521-105-0,TX,78336,PARTCRX
H5521-106-0,TX,78336,PARTCRX
H2649-045-0,TX,78336,PARTCRX
H4527-001-0,TX,78336,PARTCRX
H5521-058-0,TX,78002,PARTCRX
H4523-001-0,TX,78002,PARTCRX
H5521-092-0,TX,78002,PARTCRX
H8554-001-0,TX,78002,PARTCRX
H8554-002-0,TX,78002,PARTCRX
H2649-046-0,TX,78002,PARTCRX
H4590-010-0,TX,78002,PARTCRX
H5521-104-0,TX,77418,PARTCRX
H4527-037-0,TX,77418,PARTCRX
H4514-007-0,TX,77418,PARTCRX
H4506-029-0,TX,77418,PARTCRX
H4506-003-0,TX,77418,PARTCRX
H8145-084-0,TX,78003,PARTCRX
H5521-103-0,TX,78602,PARTCRX
H8133-007-0,TX,78602,PARTCRX
H8133-008-0,TX,78602,PARTCRX
H1666-004-0,TX,78602,PARTCRX
H1666-001-0,TX,78602,PARTCRX
H4523-020-0,TX,78002,PARTCRX
H5817-020-3,TX,78002,PARTCRX
H5817-018-0,TX,78002,PARTCRX
H1666-008-0,TX,78002,PARTCRX
H1666-009-0,TX,78002,PARTCRX
H0062-001-0,TX,78002,PARTCRX
H1264-008-0,TX,78002,PARTCRX
H1264-019-0,TX,78002,PARTCRX
H1264-004-0,TX,78002,PARTCRX
H5521-109-0,TX,76043,PARTCRX
H2649-047-0,TX,75501,PARTCRX
H5521-060-0,TX,77047,PARTCRX
H4523-015-0,TX,77047,PARTCRX
H5521-094-0,TX,77047,PARTCRX
H5817-020-1,TX,77047,PARTCRX
H5521-145-0,TX,78353,PARTCRX
H7680-002-0,TX,78353,PARTCRX
H8133-005-0,TX,78520,PARTCRX
H8133-014-0,TX,78520,PARTCRX
H8133-006-0,TX,78520,PARTCRX
H0062-003-0,TX,78520,PARTCRX
H4527-013-0,TX,78520,PARTCRX
H8133-001-0,TX,77514,PARTCRX
H8133-012-0,TX,77514,PARTCRX
H8133-011-0,TX,77514,PARTCRX
H1666-006-0,TX,77514,PARTCRX
H1666-003-0,TX,77514,PARTCRX
H5521-059-0,TX,75002,PARTCRX
H4523-021-0,TX,75002,PARTCRX
H5521-108-0,TX,75002,PARTCRX
H5521-093-0,TX,75002,PARTCRX
H1666-005-0,TX,75002,PARTCRX
H1666-002-0,TX,75002,PARTCRX
H2171-001-0,TX,75002,PARTCRX
H6328-003-0,TX,75002,PARTCRX
H6328-002-0,TX,75002,PARTCRX
H6328-001-0,TX,75002,PARTCRX
H0062-002-0,TX,75002,PARTCRX
H4590-012-0,TX,75002,PARTCRX
H4590-041-0,TX,75002,PARTCRX
H5656-001-0,TX,75002,PARTCRX
H8237-001-0,TX,75002,PARTCRX
H8237-003-0,TX,75002,PARTCRX
H7680-001-0,TX,76233,PARTCRX
H5817-020-2,TX,75007,PARTCRX
H1264-022-0,TX,75007,PARTCRX
H5521-107-0,TX,79821,PARTCRX
H5521-146-0,TX,79821,PARTCRX
H5817-020-4,TX,79821,PARTCRX
H5817-019-0,TX,79821,PARTCRX
H8133-003-0,TX,79821,PARTCRX
H8133-013-0,TX,79821,PARTCRX
H8133-004-0,TX,79821,PARTCRX
H5928-038-0,TX,79821,PARTCRX
H5928-047-0,TX,79821,PARTCRX
H2649-049-0,TX,79821,PARTCRX
H4527-005-0,TX,79821,PARTCRX
H4523-024-0,TX,77053,PARTCRX
H5817-023-0,TX,77053,PARTCRX
H2649-052-0,TX,77053,PARTCRX
H0332-002-0,TX,77053,PARTCRX
H0332-004-0,TX,77053,PARTCRX
H7115-001-0,TX,77053,PARTCRX
H2968-001-0,TX,77053,PARTCRX
H2649-055-0,TX,75601,PARTCRX
H5817-020-6,TX,78130,PARTCRX
H2649-051-0,TX,78130,PARTCRX
H4527-002-0,TX,78130,PARTCRX
H5521-147-0,TX,79250,PARTCRX
H5817-020-5,TX,79250,PARTCRX
H4590-025-0,TX,78330,PARTCRX
H5817-022-0,TX,73301,PARTCRX
R6801-011-0,TX,75148,PARTCRX
R6801-009-0,TX,75148,PARTCRX
R6801-008-0,TX,75148,PARTCRX
H2649-050-0,TX,78336,PARTCRX
H4527-004-0,TX,78336,PARTCRX
H2649-054-0,TX,78002,PARTCRX
H4590-037-0,TX,78002,PARTCRX
H4590-022-0,TX,78002,PARTCRX
H0174-001-0,TX,77418,PARTCRX
H8133-009-0,TX,78602,PARTCRX
H4514-001-0,TX,78602,PARTCRX
H4590-033-0,TX,78102,PARTCRX
H5817-024-1,TX,78002,PARTCRX
H5817-025-0,TX,78002,PARTCRX
H7678-001-0,TX,78002,PARTCRX
H5294-001-0,TX,78002,PARTCRX
H1264-007-0,TX,78002,PARTCRX
H1264-020-0,TX,78002,PARTCRX
H2649-048-0,TX,75501,PARTCRX
H5817-024-3,TX,77047,PARTCRX
H5322-026-0,TX,78520,PARTCRX
H4527-015-0,TX,78520,PARTCRX
H4590-020-0,TX,75002,PARTCRX
H0710-020-0,TX,75002,PARTCRX
H1264-021-0,TX,75001,PARTCRX
H2228-041-0,TX,79821,PARTCRX
H4527-006-0,TX,79821,PARTCRX
H1264-018-0,TX,79821,PARTCRX
H2649-056-0,TX,77053,PARTCRX
H5322-025-0,TX,77374,PARTCRX
H5817-024-2,TX,77001,PARTCRX
H4527-003-0,TX,78130,PARTCRX
H2649-053-0,TX,78363,PARTCRX
H6870-001-0,TX,78002,PARTCRX
H7833-001-0,TX,77001,PARTCRX
H8197-001-0,TX,78002,PARTCRX
H8786-001-0,TX,78002,PARTCRX
H0602-043-0,CO,80002,PARTCRX
H0602-019-0,CO,80002,PARTCRX
H0602-039-0,CO,80002,PARTCRX
H0602-020-0,CO,81038,PARTCRX
R5826-013-0,KS,66039,PARTCRX
H1608-017-0,KS,66840,PARTCRX
H2663-028-0,KS,66840,PARTCRX
H2649-021-0,KS,66840,PARTCRX
H2802-034-0,KS,66840,PARTCRX
H2802-035-0,KS,66840,PARTCRX
H2802-036-0,KS,66840,PARTCRX
H1608-024-0,KS,66058,PARTCRX
H2663-027-0,KS,66007,PARTCRX
H3706-001-0,OK,73040,PARTCRX
H3706-019-0,OK,73040,PARTCRX
H3706-018-0,OK,73040,PARTCRX
H8634-001-0,OK,73014,PARTCRX
H3979-001-0,OK,73014,PARTCRX
H3979-002-0,OK,73014,PARTCRX
H2663-024-0,OK,73014,PARTCRX
H6609-121-0,OK,73014,PARTCRX
H4145-001-0,OK,73014,PARTCRX
H3749-001-0,OK,73014,PARTCRX
H3749-018-0,OK,73014,PARTCRX
H8634-006-0,OK,74010,PARTCRX
H6801-002-0,OK,74010,PARTCRX
H6801-006-0,OK,74010,PARTCRX
H4198-005-0,OK,74010,PARTCRX
H4198-003-0,OK,74010,PARTCRX
H3755-001-0,OK,74010,PARTCRX
H3755-004-0,OK,74010,PARTCRX
H3755-005-0,OK,74010,PARTCRX
H3749-017-0,OK,74010,PARTCRX
H4145-002-0,OK,74047,PARTCRX
H5322-029-0,KS,66013,PARTCRX
H3708-001-0,OK,73401,PARTCRX
H1609-001-0,IA,50002,PARTCRX
H1608-001-0,IA,50002,PARTCRX
H8145-089-0,IA,50002,PARTCRX
H6609-140-0,IA,50002,PARTCRX
H5253-044-0,IA,52544,PARTCRX
H5253-045-0,IA,52544,PARTCRX
H0028-008-1,IA,50651,PARTCRX
H1737-001-0,IA,50651,PARTCRX
H1737-003-0,IA,50651,PARTCRX
H6609-138-0,IA,50651,PARTCRX
H0028-008-2,IA,52037,PARTCRX
H1609-009-0,IA,50003,PARTCRX
H1608-008-0,IA,51006,PARTCRX
H1608-007-0,IA,50005,PARTCRX
H6609-003-0,IA,51501,PARTCRX
H2802-001-0,IA,51501,PARTCRX
H5216-014-0,IA,52722,PARTCRX
H2461-009-0,MN,55735,PARTCRX
H2461-010-0,MN,55735,PARTCRX
H2461-008-0,MN,55735,PARTCRX
H0735-002-0,MN,55735,PARTCRX
H0735-001-0,MN,55735,PARTCRX
H2462-021-0,MN,55735,PARTCRX
H2462-008-0,MN,55735,PARTCRX
H2462-012-0,MN,55735,PARTCRX
H2462-011-0,MN,55735,PARTCRX
H2462-019-0,MN,55735,PARTCRX
H6609-143-0,MN,55735,PARTCRX
H6609-147-3,MN,55735,PARTCRX
H2450-029-0,MN,55735,PARTCRX
H2459-002-0,MN,55735,PARTCRX
H2459-019-0,MN,55735,PARTCRX
H2459-013-0,MN,55735,PARTCRX
H6609-147-1,MN,55005,PARTCRX
H2459-020-0,MN,55005,PARTCRX
H6609-147-2,MN,56001,PARTCRX
H9834-001-0,MN,55922,PARTCRX
H9834-003-0,MN,55922,PARTCRX
H0107-001-0,MT,59724,PARTCRX
H0107-002-0,MT,59724,PARTCRX
H5525-027-0,MT,59724,PARTCRX
H6622-007-0,MT,59012,PARTCRX
H6609-029-0,MT,59001,PARTCRX
H3822-009-0,MT,59801,PARTCRX
H2944-004-0,NE,68856,PARTCRX
H7149-001-0,NE,51557,PARTCRX
H1608-012-0,NE,68001,PARTCRX
H3170-002-0,NE,68003,PARTCRX
H3170-001-0,NE,68003,PARTCRX
H2012-021-0,NE,68003,PARTCRX
H2802-022-0,NE,68003,PARTCRX
H7149-004-0,NE,68007,PARTCRX
H3765-001-0,NE,68007,PARTCRX
H6609-017-0,ND,58027,PARTCRX
H6609-019-0,SD,57040,PARTCRX
H6609-001-0,SD,57717,PARTCRX
H1608-004-0,SD,56136,PARTCRX
H8649-008-0,UT,84001,PARTCRX
H2425-001-0,MN,55735,PARTCRX
H2458-002-0,MN,55735,PARTCRX
H2456-002-0,MN,55735,PARTCRX
H2422-002-0,MN,55005,PARTCRX
H5937-001-0,MN,55005,PARTCRX
H2926-001-0,MN,56601,PARTCRX
H2416-001-0,MN,56601,PARTCRX
H5703-001-0,MN,55333,PARTCRX
H2419-001-0,MN,55333,PARTCRX
H2417-001-0,MN,55709,PARTCRX
H6622-008-0,MT,59401,PARTCRX
H0028-007-0,NE,68007,PARTCRX
H3931-093-0,CO,80002,PARTCRX
H5521-057-0,CO,80002,PARTCRX
H1394-003-0,CO,80002,PARTCRX
H2649-043-0,CO,80002,PARTCRX
H2649-061-1,CO,80002,PARTCRX
H8145-123-0,CO,80002,PARTCRX
H6609-112-0,CO,80002,PARTCRX
H0630-013-0,CO,80002,PARTCRX
H0630-016-0,CO,80002,PARTCRX
H0630-015-0,CO,80002,PARTCRX
H0602-022-0,CO,80002,PARTCRX
H0609-007-0,CO,80002,PARTCRX
H0609-012-0,CO,80002,PARTCRX
H0602-017-0,CO,81101,PARTCRX
H2649-061-2,CO,80020,PARTCRX
H5608-002-0,CO,80014,PARTCRX
H1394-009-0,CO,80106,PARTCRX
H0630-017-0,CO,80106,PARTCRX
H0630-018-0,CO,80106,PARTCRX
H0609-002-0,CO,80106,PARTCRX
H0609-020-0,CO,80106,PARTCRX
H0630-020-0,CO,80503,PARTCRX
H0630-021-0,CO,80503,PARTCRX
H5746-016-0,NM,87008,PARTCRX
H8634-002-0,NM,87008,PARTCRX
H3822-002-0,NM,87008,PARTCRX
H3822-003-0,NM,87008,PARTCRX
H3251-021-0,NM,87008,PARTCRX
H3251-002-0,NM,87008,PARTCRX
H2649-029-0,NM,87008,PARTCRX
H6609-115-0,NM,87008,PARTCRX
H3206-001-0,NM,87008,PARTCRX
H3206-002-0,NM,87008,PARTCRX
H3204-001-0,NM,87008,PARTCRX
H3204-007-0,NM,87008,PARTCRX
H2228-047-0,NM,87008,PARTCRX
H1189-001-0,NM,87544,PARTCRX
H2228-049-0,NM,87010,PARTCRX
H1394-006-0,CO,80002,PARTCRX
H2649-060-0,CO,80002,PARTCRX
H0630-014-0,CO,80002,PARTCRX
H0710-008-0,CO,80002,PARTCRX
H0624-001-0,CO,80002,PARTCRX
H0710-007-0,CO,80002,PARTCRX
H5608-001-0,CO,80014,PARTCRX
H3822-006-0,NM,87008,PARTCRX
H9082-007-0,NM,87008,PARTCRX
H3204-012-0,NM,87008,PARTCRX
H2228-046-0,NM,87008,PARTCRX
H5008-009-0,NM,87005,PARTCRX
H2228-042-0,NM,79835,PARTCRX
R5826-014-0,AZ,85920,PARTCRX
H0351-044-2,AZ,85602,PARTCRX
H5985-001-0,AZ,85931,PARTCRX
H5985-005-0,AZ,85931,PARTCRX
H5253-035-0,AZ,85530,PARTCRX
H2649-033-0,AZ,85325,PARTCRX
H2649-039-0,AZ,85325,PARTCRX
H6609-135-0,AZ,85325,PARTCRX
H3931-092-0,AZ,85001,PARTCRX
H5521-100-0,AZ,85001,PARTCRX
H0302-006-0,AZ,85001,PARTCRX
H0302-001-0,AZ,85001,PARTCRX
H0351-043-1,AZ,85001,PARTCRX
H0351-040-0,AZ,85001,PARTCRX
H2649-030-0,AZ,85001,PARTCRX
H2649-032-0,AZ,85001,PARTCRX
H8145-103-0,AZ,85001,PARTCRX
H6609-133-0,AZ,85001,PARTCRX
H0609-026-0,AZ,85001,PARTCRX
H0609-027-0,AZ,85001,PARTCRX
H0302-008-0,AZ,85321,PARTCRX
H2593-020-0,AZ,85321,PARTCRX
H2593-018-0,AZ,85321,PARTCRX
H2593-001-0,AZ,85321,PARTCRX
H0351-044-1,AZ,85321,PARTCRX
H9287-001-0,AZ,85321,PARTCRX
H0351-041-0,AZ,85321,PARTCRX
H2649-031-0,AZ,85321,PARTCRX
H0609-025-0,AZ,85321,PARTCRX
H9287-002-0,AZ,85117,PARTCRX
H0351-043-4,AZ,85117,PARTCRX
H0351-044-3,AZ,85611,PARTCRX
H2649-034-0,AZ,85324,PARTCRX
H5253-036-0,AZ,85324,PARTCRX
H5587-002-0,AZ,85920,PARTCRX
H0321-002-0,AZ,85920,PARTCRX
H0321-004-0,AZ,85920,PARTCRX
H5590-002-0,AZ,85602,PARTCRX
H4931-001-0,AZ,85602,PARTCRX
H4931-002-0,AZ,85135,PARTCRX
H4931-003-0,AZ,85530,PARTCRX
H4931-004-0,AZ,85533,PARTCRX
H4931-005-0,AZ,85325,PARTCRX
H5430-001-0,AZ,85001,PARTCRX
H2593-019-0,AZ,85001,PARTCRX
H9312-001-0,AZ,85001,PARTCRX
H0351-029-0,AZ,85001,PARTCRX
H0351-038-0,AZ,85001,PARTCRX
H0351-042-0,AZ,85001,PARTCRX
H5580-001-0,AZ,85001,PARTCRX
H5580-004-0,AZ,85001,PARTCRX
H5580-005-0,AZ,85001,PARTCRX
H5985-002-0,AZ,85001,PARTCRX
H0710-006-0,AZ,85001,PARTCRX
H0710-005-0,AZ,85001,PARTCRX
H2593-005-0,AZ,85321,PARTCRX
H2593-006-0,AZ,85321,PARTCRX
H2593-013-0,AZ,85321,PARTCRX
H2593-003-0,AZ,85321,PARTCRX
H4931-006-0,AZ,85321,PARTCRX
H4931-007-0,AZ,85117,PARTCRX
H4931-008-0,AZ,85611,PARTCRX
H4931-009-0,AZ,85324,PARTCRX
H4931-010-0,AZ,85333,PARTCRX
H5945-001-0,NV,89701,PARTCRX
H2906-006-0,NV,89701,PARTCRX
H2906-007-0,NV,89701,PARTCRX
H2906-005-0,NV,89701,PARTCRX
H5521-055-0,NV,88901,PARTCRX
H3931-094-0,NV,88901,PARTCRX
H5521-022-0,NV,88901,PARTCRX
H4346-011-0,NV,88901,PARTCRX
H4346-009-0,NV,88901,PARTCRX
H4346-001-0,NV,88901,PARTCRX
H2949-012-0,NV,88901,PARTCRX
H6609-129-0,NV,88901,PARTCRX
H6609-130-0,NV,88901,PARTCRX
H0609-028-0,NV,88901,PARTCRX
H2931-002-0,NV,88901,PARTCRX
H2931-004-0,NV,89010,PARTCRX
H3931-115-0,NV,89402,PARTCRX
H5521-130-0,NV,89402,PARTCRX
H6609-131-0,NV,89402,PARTCRX
H6609-132-0,NV,89402,PARTCRX
H5945-002-0,NV,89402,PARTCRX
H2960-004-0,NV,89402,PARTCRX
H2960-012-0,NV,89402,PARTCRX
H2960-018-0,NV,89402,PARTCRX
H4346-005-0,NV,88901,PARTCRX
H4346-006-0,NV,88901,PARTCRX
H4346-008-0,NV,88901,PARTCRX
H4346-010-0,NV,88901,PARTCRX
H2949-013-0,NV,88901,PARTCRX
H2949-014-0,NV,88901,PARTCRX
H2949-018-0,NV,88901,PARTCRX
H1350-019-1,ID,83616,PARTCRX
H1350-015-1,ID,83616,PARTCRX
H1350-016-1,ID,83616,PARTCRX
H2012-022-0,ID,83616,PARTCRX
H2012-107-0,ID,83616,PARTCRX
H6609-009-0,ID,83616,PARTCRX
H3864-024-0,ID,83616,PARTCRX
H3864-023-0,ID,83616,PARTCRX
H1969-002-0,ID,83616,PARTCRX
H1969-003-0,ID,83616,PARTCRX
H1304-009-0,ID,83616,PARTCRX
H1304-010-0,ID,83616,PARTCRX
H1994-008-0,ID,83616,PARTCRX
H1994-003-0,ID,83616,PARTCRX
H2228-031-0,ID,83616,PARTCRX
H2228-032-0,ID,83616,PARTCRX
H1350-019-2,ID,83201,PARTCRX
H1350-015-2,ID,83201,PARTCRX
H1350-016-2,ID,83201,PARTCRX
H3864-021-0,ID,83201,PARTCRX
H4754-009-0,ID,83201,PARTCRX
H1994-006-0,ID,83202,PARTCRX
H1994-004-0,ID,83313,PARTCRX
H6609-073-0,ID,83602,PARTCRX
H2012-030-0,ID,83801,PARTCRX
H4754-011-0,ID,83801,PARTCRX
H1304-002-0,ID,83801,PARTCRX
H1304-004-0,ID,83801,PARTCRX
H1994-005-0,ID,83228,PARTCRX
H8506-001-0,OR,97368,PARTCRX
H3813-006-0,OR,97368,PARTCRX
H6815-003-2,OR,97321,PARTCRX
H5520-002-0,OR,97321,PARTCRX
H5520-012-2,OR,97321,PARTCRX
H9003-001-0,OR,97321,PARTCRX
H9003-006-0,OR,97321,PARTCRX
H3817-008-2,OR,97321,PARTCRX
H3817-009-2,OR,97321,PARTCRX
H3811-002-0,OR,97321,PARTCRX
H3811-009-0,OR,97321,PARTCRX
H3805-007-0,OR,97321,PARTCRX
H3805-013-0,OR,97321,PARTCRX
H5859-003-0,OR,97002,PARTCRX
H3818-003-0,OR,97002,PARTCRX
H6815-003-1,OR,97002,PARTCRX
H5520-012-1,OR,97002,PARTCRX
H8145-093-0,OR,97002,PARTCRX
H1036-153-0,OR,97002,PARTCRX
H3864-022-0,OR,97002,PARTCRX
H9047-024-0,OR,97002,PARTCRX
H9047-001-0,OR,97002,PARTCRX
H9047-037-0,OR,97002,PARTCRX
H6237-003-2,OR,97002,PARTCRX
H3817-008-1,OR,97002,PARTCRX
H3817-009-1,OR,97002,PARTCRX
H2228-029-0,OR,97002,PARTCRX
H3805-001-0,OR,97002,PARTCRX
H3805-012-0,OR,97002,PARTCRX
H3864-026-1,OR,97407,PARTCRX
H4754-007-0,OR,97407,PARTCRX
H6609-013-0,OR,97701,PARTCRX
H3864-014-0,OR,97701,PARTCRX
H3864-027-0,OR,97701,PARTCRX
H3864-006-0,OR,97701,PARTCRX
H9047-039-0,OR,97701,PARTCRX
H9047-038-0,OR,97701,PARTCRX
H1036-219-0,OR,97701,PARTCRX
H3810-003-0,OR,97410,PARTCRX
H6743-007-0,OR,97410,PARTCRX
H6743-004-0,OR,97410,PARTCRX
H6743-003-0,OR,97410,PARTCRX
H5520-004-0,OR,97410,PARTCRX
H5520-015-2,OR,97410,PARTCRX
H5520-014-0,OR,97410,PARTCRX
H6743-014-0,OR,97501,PARTCRX
H6743-017-0,OR,97501,PARTCRX
H6743-016-0,OR,97501,PARTCRX
H5520-015-1,OR,97501,PARTCRX
H6743-001-0,OR,96134,PARTCRX
H3864-026-2,OR,97324,PARTCRX
H4754-004-0,OR,97324,PARTCRX
H6951-002-0,OR,97324,PARTCRX
H7006-001-0,OR,97002,PARTCRX
H7006-003-0,OR,97002,PARTCRX
H5520-012-3,OR,97002,PARTCRX
H6237-003-1,OR,97009,PARTCRX
H5521-101-0,UT,83342,PARTCRX
H8649-003-0,UT,83342,PARTCRX
H4604-003-0,UT,83342,PARTCRX
H4604-011-0,UT,83342,PARTCRX
H6609-128-0,UT,84023,PARTCRX
H2486-003-0,UT,84010,PARTCRX
H5628-007-0,UT,84010,PARTCRX
H4605-002-0,UT,84010,PARTCRX
H4605-004-0,UT,84010,PARTCRX
H1994-007-0,UT,84010,PARTCRX
H1994-001-0,UT,84010,PARTCRX
H5521-131-0,UT,84001,PARTCRX
H1994-002-0,UT,84712,PARTCRX
H2001-017-0,UT,84720,PARTCRX
H5826-009-0,WA,98857,PARTCRX
H3471-010-0,WA,98801,PARTCRX
H3471-001-0,WA,98801,PARTCRX
H3471-002-0,WA,98801,PARTCRX
H9302-003-0,WA,98801,PARTCRX
H9302-011-0,WA,98801,PARTCRX
H5826-010-0,WA,98601,PARTCRX
H5826-008-0,WA,98601,PARTCRX
H5520-012-4,WA,98601,PARTCRX
H2012-031-0,WA,98601,PARTCRX
H2012-088-0,WA,98601,PARTCRX
H3805-014-0,WA,98601,PARTCRX
H3805-016-0,WA,98601,PARTCRX
H3805-015-0,WA,98601,PARTCRX
H5009-002-0,WA,99328,PARTCRX
H5050-009-0,WA,98520,PARTCRX
H5050-004-0,WA,98520,PARTCRX
H5050-013-0,WA,98520,PARTCRX
H5050-017-0,WA,98236,PARTCRX
H5521-127-0,WA,98001,PARTCRX
H5521-128-0,WA,98001,PARTCRX
H1894-001-0,WA,98001,PARTCRX
H2012-033-0,WA,98001,PARTCRX
H7245-001-0,WA,98001,PARTCRX
H7245-002-0,WA,98001,PARTCRX
H7245-003-0,WA,98001,PARTCRX
H1997-002-0,WA,98001,PARTCRX
H9302-007-0,WA,98001,PARTCRX
H3805-017-0,WA,98001,PARTCRX
H3805-018-0,WA,98304,PARTCRX
H2012-035-0,WA,98022,PARTCRX
H3805-019-0,WA,98022,PARTCRX
H2012-037-0,WA,98012,PARTCRX
H2012-106-0,WA,98012,PARTCRX
H3805-020-0,WA,98012,PARTCRX
H5010-002-0,WA,99001,PARTCRX
H5010-004-0,WA,99001,PARTCRX
H5050-021-0,WA,99001,PARTCRX
H5050-019-0,WA,99001,PARTCRX
H2012-039-0,WA,99001,PARTCRX
H1286-002-0,WA,99001,PARTCRX
H1286-009-0,WA,99001,PARTCRX
H3471-012-0,WA,98501,PARTCRX
H3471-007-0,WA,98501,PARTCRX
H3471-008-0,WA,98501,PARTCRX
H2012-090-0,WA,98501,PARTCRX
H2012-108-0,WA,98501,PARTCRX
H3471-004-0,WA,98901,PARTCRX
H3471-005-0,WA,98901,PARTCRX
H3471-013-0,WA,98901,PARTCRX
H3471-014-0,WA,98901,PARTCRX
H1350-009-0,ID,83616,PARTCRX
H6815-004-2,OR,97321,PARTCRX
H3811-003-0,OR,97321,PARTCRX
H2228-017-0,OR,97321,PARTCRX
H2228-016-0,OR,97321,PARTCRX
H1372-001-0,OR,97002,PARTCRX
H5859-001-0,OR,97002,PARTCRX
H3818-002-0,OR,97002,PARTCRX
H6815-004-1,OR,97002,PARTCRX
H9047-043-0,OR,97002,PARTCRX
H3814-007-0,OR,97410,PARTCRX
H3814-029-0,OR,97501,PARTCRX
H2174-001-0,OR,97324,PARTCRX
H2174-005-0,OR,97324,PARTCRX
H2174-003-0,OR,97324,PARTCRX
H3113-008-0,OR,97324,PARTCRX
H5995-001-0,OR,97002,PARTCRX
H5628-001-0,UT,83342,PARTCRX
H5628-006-0,UT,84010,PARTCRX
H5826-014-0,WA,98857,PARTCRX
H5008-002-0,WA,98601,PARTCRX
H1894-002-0,WA,98001,PARTCRX
H2012-095-0,WA,98001,PARTCRX
H5823-006-0,WA,98001,PARTCRX
H0710-030-0,WA,98001,PARTCRX
H0710-031-0,WA,98001,PARTCRX
H5823-007-0,WA,98022,PARTCRX
H0562-068-0,CA,94501,PARTCRX
H0562-113-0,CA,94501,PARTCRX
H0524-032-0,CA,94501,PARTCRX
H0524-013-0,CA,95601,PARTCRX
H0524-051-0,CA,95601,PARTCRX
H5619-029-0,CA,94505,PARTCRX
H2241-006-0,CA,94505,PARTCRX
H0524-033-0,CA,94505,PARTCRX
H5619-012-0,CA,93210,PARTCRX
H0504-031-0,CA,93210,PARTCRX
H5928-044-0,CA,93210,PARTCRX
H5928-037-0,CA,93210,PARTCRX
H3561-002-0,CA,93210,PARTCRX
H0562-090-0,CA,93210,PARTCRX
H0562-112-0,CA,93210,PARTCRX
H0524-046-0,CA,93210,PARTCRX
H0524-038-0,CA,93210,PARTCRX
H0523-031-0,CA,93203,PARTCRX
H5609-001-0,CA,93203,PARTCRX
H0838-025-0,CA,93203,PARTCRX
H0838-033-0,CA,93203,PARTCRX
H0562-079-0,CA,93203,PARTCRX
H0562-111-2,CA,93203,PARTCRX
H0524-036-0,CA,93203,PARTCRX
H0524-035-0,CA,93203,PARTCRX
H5619-015-0,CA,93202,PARTCRX
H5521-125-0,CA,90001,PARTCRX
H0523-061-0,CA,90001,PARTCRX
H0523-002-0,CA,90001,PARTCRX
H3815-009-0,CA,90001,PARTCRX
H3815-001-0,CA,90001,PARTCRX
H3815-008-0,CA,90001,PARTCRX
H3815-013-0,CA,90001,PARTCRX
H5619-021-0,CA,90001,PARTCRX
H5619-037-0,CA,90001,PARTCRX
H0504-015-0,CA,90001,PARTCRX
H5928-004-0,CA,90001,PARTCRX
H0544-049-0,CA,90001,PARTCRX
H0544-007-0,CA,90001,PARTCRX
H0544-002-0,CA,90001,PARTCRX
H5649-001-0,CA,90001,PARTCRX
H5649-004-0,CA,90001,PARTCRX
H5087-005-0,CA,90001,PARTCRX
H5087-017-0,CA,90001,PARTCRX
H0562-101-1,CA,90001,PARTCRX
H0562-100-1,CA,90001,PARTCRX
H0562-111-1,CA,90001,PARTCRX
H0545-001-0,CA,90001,PARTCRX
H0545-014-0,CA,90001,PARTCRX
H0524-003-0,CA,90001,PARTCRX
H5425-006-0,CA,90001,PARTCRX
H5425-064-0,CA,90001,PARTCRX
H5425-045-0,CA,90001,PARTCRX
H5619-013-0,CA,93601,PARTCRX
H0524-031-0,CA,94901,PARTCRX
H5425-046-0,CA,94901,PARTCRX
H8764-001-0,CA,93426,PARTCRX
H8764-002-0,CA,93426,PARTCRX
H8764-003-0,CA,93426,PARTCRX
H5425-052-0,CA,94503,PARTCRX
H5521-056-0,CA,90620,PARTCRX
H0523-060-0,CA,90620,PARTCRX
H8552-020-0,CA,90620,PARTCRX
H5087-002-0,CA,90620,PARTCRX
H0545-013-0,CA,90620,PARTCRX
H5425-007-0,CA,90620,PARTCRX
H5425-037-0,CA,90620,PARTCRX
H0562-084-0,CA,95602,PARTCRX
H5521-126-0,CA,91752,PARTCRX
H0523-022-0,CA,91752,PARTCRX
H3815-012-0,CA,91752,PARTCRX
H8552-021-0,CA,91752,PARTCRX
H5619-039-1,CA,91752,PARTCRX
H0504-026-0,CA,91752,PARTCRX
H5087-016-0,CA,91752,PARTCRX
H3561-004-0,CA,91752,PARTCRX
H0562-101-2,CA,91752,PARTCRX
H0562-100-2,CA,91752,PARTCRX
H0562-111-3,CA,91752,PARTCRX
H0545-012-0,CA,91752,PARTCRX
H0524-015-0,CA,91752,PARTCRX
H5425-008-0,CA,91752,PARTCRX
H5425-061-0,CA,91752,PARTCRX
H0504-037-0,CA,94203,PARTCRX
H0544-021-0,CA,93210,PARTCRX
H0544-012-0,CA,93210,PARTCRX
H0523-063-0,CA,91701,PARTCRX
H5619-039-2,CA,91701,PARTCRX
H0504-017-0,CA,91701,PARTCRX
H0544-008-0,CA,91701,PARTCRX
H5425-009-0,CA,91701,PARTCRX
H5425-062-0,CA,91701,PARTCRX
H5521-053-0,CA,91901,PARTCRX
H0523-052-0,CA,91901,PARTCRX
H5619-016-0,CA,91901,PARTCRX
H0504-028-0,CA,91901,PARTCRX
H5928-010-0,CA,91901,PARTCRX
H0562-012-0,CA,91901,PARTCRX
H0524-037-0,CA,91901,PARTCRX
H5425-005-0,CA,91901,PARTCRX
H5425-040-0,CA,91901,PARTCRX
H5425-004-0,CA,91901,PARTCRX
H5386-003-0,CA,91901,PARTCRX
H5386-004-0,CA,91901,PARTCRX
H0571-001-0,CA,94102,PARTCRX
H0562-009-0,CA,94102,PARTCRX
H0562-097-0,CA,94102,PARTCRX
H5425-019-0,CA,94102,PARTCRX
H3815-006-0,CA,94514,PARTCRX
H5619-026-0,CA,94514,PARTCRX
H0524-043-0,CA,94514,PARTCRX
H0524-042-0,CA,94514,PARTCRX
H5425-056-0,CA,94514,PARTCRX
H5609-004-0,CA,93252,PARTCRX
H5619-023-0,CA,93013,PARTCRX
H3815-007-0,CA,94022,PARTCRX
H5928-016-0,CA,94022,PARTCRX
H0562-095-0,CA,94022,PARTCRX
H0524-039-0,CA,94022,PARTCRX
H5425-020-0,CA,94022,PARTCRX
H2986-002-0,CA,94022,PARTCRX
H2986-001-0,CA,94022,PARTCRX
H0524-008-0,CA,94503,PARTCRX
H3815-011-0,CA,95230,PARTCRX
H5619-032-0,CA,95230,PARTCRX
H0544-027-0,CA,95230,PARTCRX
H0524-041-0,CA,95230,PARTCRX
H0524-040-0,CA,95230,PARTCRX
H0504-029-0,CA,90265,PARTCRX
H5649-008-0,CA,90265,PARTCRX
H5649-010-0,CA,90265,PARTCRX
H0524-034-0,CA,90265,PARTCRX
H5425-001-0,CA,90265,PARTCRX
H0562-039-0,CA,95605,PARTCRX
H0562-103-0,CA,95605,PARTCRX
H0524-030-0,CA,94501,PARTCRX
H8552-028-0,CA,93210,PARTCRX
H5619-038-0,CA,93210,PARTCRX
H3561-001-0,CA,93210,PARTCRX
H0562-110-1,CA,93210,PARTCRX
H5810-001-0,CA,92004,PARTCRX
H0838-029-0,CA,93203,PARTCRX
H0838-028-0,CA,93203,PARTCRX
H0838-024-0,CA,93203,PARTCRX
H0838-020-0,CA,93203,PARTCRX
H0838-031-0,CA,93203,PARTCRX
H0838-030-0,CA,93203,PARTCRX
H0838-032-0,CA,93203,PARTCRX
H0838-027-0,CA,93203,PARTCRX
H0838-026-0,CA,93203,PARTCRX
H0562-092-0,CA,93203,PARTCRX
H0562-055-0,CA,93203,PARTCRX
H0562-110-2,CA,93203,PARTCRX
H0524-029-0,CA,93203,PARTCRX
H5852-001-0,CA,90001,PARTCRX
H3815-010-0,CA,90001,PARTCRX
H5928-001-0,CA,90001,PARTCRX
H0544-014-0,CA,90001,PARTCRX
H0544-003-0,CA,90001,PARTCRX
H0544-015-0,CA,90001,PARTCRX
H0544-013-0,CA,90001,PARTCRX
H0544-004-0,CA,90001,PARTCRX
H0544-005-0,CA,90001,PARTCRX
H5649-007-0,CA,90001,PARTCRX
H5649-006-0,CA,90001,PARTCRX
H5649-002-0,CA,90001,PARTCRX
H5087-001-0,CA,90001,PARTCRX
H5425-034-0,CA,90001,PARTCRX
H5425-010-0,CA,90001,PARTCRX
H5425-029-0,CA,90001,PARTCRX
H9104-006-0,CA,90001,PARTCRX
H5943-002-0,CA,90001,PARTCRX
H5425-047-0,CA,94901,PARTCRX
H5425-048-0,CA,94901,PARTCRX
H5425-053-0,CA,94503,PARTCRX
H5425-054-0,CA,94503,PARTCRX
H5928-005-0,CA,90620,PARTCRX
H5433-001-0,CA,90620,PARTCRX
H5425-028-0,CA,90620,PARTCRX
H0562-110-3,CA,91752,PARTCRX
H5425-033-0,CA,91752,PARTCRX
H5425-030-0,CA,91752,PARTCRX
H5943-001-0,CA,91752,PARTCRX
H5810-007-0,CA,94203,PARTCRX
H0544-019-0,CA,91701,PARTCRX
H0544-020-0,CA,91701,PARTCRX
H0544-038-0,CA,91701,PARTCRX
H0544-010-0,CA,91701,PARTCRX
H5425-031-0,CA,91701,PARTCRX
H5928-009-0,CA,91901,PARTCRX
H9312-002-0,CA,91901,PARTCRX
H5425-055-0,CA,91901,PARTCRX
H0571-005-0,CA,94102,PARTCRX
H5425-057-0,CA,94514,PARTCRX
H0544-024-0,CA,94022,PARTCRX
H0544-041-0,CA,94022,PARTCRX
H0544-025-0,CA,94022,PARTCRX
H0544-037-0,CA,94022,PARTCRX
H0544-050-0,CA,94022,PARTCRX
H0544-031-0,CA,95230,PARTCRX
H0544-032-0,CA,95230,PARTCRX
H0544-036-0,CA,95230,PARTCRX
H5649-009-0,CA,90265,PARTCRX
H0148-002-0,CA,90001,PARTCRX
H0148-001-0,CA,91901,PARTCRX
H3237-001-0,CA,90001,PARTCRX
H3237-002-0,CA,91901,PARTCRX
H5172-002-0,CA,91901,PARTCRX
H5355-001-0,CA,91752,PARTCRX
H6229-005-0,CA,90001,PARTCRX
H6229-006-0,CA,94022,PARTCRX
H7885-001-0,CA,94002,PARTCRX
H7890-001-0,CA,94022,PARTCRX
H8016-001-0,CA,90620,PARTCRX
H8258-001-0,CA,90001,PARTCRX
H8677-002-0,CA,90001,PARTCRX
H8677-001-0,CA,91752,PARTCRX
H1230-014-0,HI,96704,PARTCRX
H0028-004-0,HI,96701,PARTCRX
H3832-009-0,HI,96701,PARTCRX
H3832-010-0,HI,96701,PARTCRX
H6609-137-0,HI,96701,PARTCRX
H6609-150-0,HI,96701,PARTCRX
H1230-003-0,HI,96701,PARTCRX
H1230-001-0,HI,96701,PARTCRX
H2228-024-0,HI,96701,PARTCRX
H1230-013-0,HI,96708,PARTCRX
H2491-004-0,HI,96704,PARTCRX
H1230-008-0,HI,96701,PARTCRX
H2228-043-0,HI,96701,PARTCRX
S7694-105-0,PR,00601,PARTD
S5660-205-0,PR,00601,PARTD
S5660-137-0,PR,00601,PARTD
S2874-001-0,PR,00601,PARTD
S2874-004-0,PR,00601,PARTD
S5820-037-0,PR,00601,PARTD
S5810-035-0,NH,03031,PARTD
S5596-001-0,NH,03031,PARTD
S5596-003-0,NH,03031,PARTD
S5596-046-0,NH,03031,PARTD
S7694-001-0,NH,03031,PARTD
S5660-172-0,NH,03031,PARTD
S5660-104-0,NH,03031,PARTD
S5768-185-0,NH,03031,PARTD
S5768-125-0,NH,03031,PARTD
S5884-092-0,NH,03031,PARTD
S5884-101-0,NH,03031,PARTD
S5884-148-0,NH,03031,PARTD
S4607-001-0,NH,03031,PARTD
S5601-002-0,NH,03031,PARTD
S5601-003-0,NH,03031,PARTD
S5820-001-0,NH,03031,PARTD
S5921-378-0,NH,03031,PARTD
S0522-049-0,NH,03031,PARTD
S0522-002-0,NH,03031,PARTD
S4802-075-0,NH,03031,PARTD
S4802-098-0,NH,03031,PARTD
S5810-036-0,MA,01001,PARTD
S2893-003-0,MA,01001,PARTD
S2893-001-0,MA,01001,PARTD
S7694-002-0,MA,01001,PARTD
S5660-206-0,MA,01001,PARTD
S5660-105-0,MA,01001,PARTD
S5768-186-0,MA,01001,PARTD
S5768-126-0,MA,01001,PARTD
S5884-002-0,MA,01001,PARTD
S5884-102-0,MA,01001,PARTD
S5884-149-0,MA,01001,PARTD
S5601-004-0,MA,01001,PARTD
S5601-005-0,MA,01001,PARTD
S5820-002-0,MA,01001,PARTD
S5921-348-0,MA,01001,PARTD
S0522-081-0,MA,01001,PARTD
S0522-079-0,MA,01001,PARTD
S4802-076-0,MA,01001,PARTD
S4802-099-0,MA,01001,PARTD
S5810-037-0,NY,00501,PARTD
S7694-003-0,NY,00501,PARTD
S5983-006-0,NY,00501,PARTD
S5983-004-0,NY,00501,PARTD
S5768-199-0,NY,00501,PARTD
S5768-200-0,NY,00501,PARTD
S5552-003-0,NY,00501,PARTD
S5552-004-0,NY,00501,PARTD
S5552-005-0,NY,00501,PARTD
S4607-002-0,NY,00501,PARTD
S5601-006-0,NY,00501,PARTD
S5601-007-0,NY,00501,PARTD
S5805-001-0,NY,00501,PARTD
S5921-379-0,NY,00501,PARTD
S5921-382-0,NY,00501,PARTD
S4802-077-0,NY,00501,PARTD
S4802-100-0,NY,00501,PARTD
S5810-038-0,NJ,07001,PARTD
S7694-004-0,NJ,07001,PARTD
S5660-207-0,NJ,07001,PARTD
S5660-106-0,NJ,07001,PARTD
S5768-187-0,NJ,07001,PARTD
S5768-127-0,NJ,07001,PARTD
S5993-003-0,NJ,07001,PARTD
S5993-001-0,NJ,07001,PARTD
S5884-062-0,NJ,07001,PARTD
S5884-131-0,NJ,07001,PARTD
S5884-150-0,NJ,07001,PARTD
S5601-008-0,NJ,07001,PARTD
S5601-009-0,NJ,07001,PARTD
S5820-003-0,NJ,07001,PARTD
S5921-349-0,NJ,07001,PARTD
S0522-050-0,NJ,07001,PARTD
S0522-004-0,NJ,07001,PARTD
S4802-078-0,NJ,07001,PARTD
S4802-101-0,NJ,07001,PARTD
S5810-039-0,DE,19701,PARTD
S7694-005-0,DE,19701,PARTD
S5660-208-0,DE,19701,PARTD
S5660-107-0,DE,19701,PARTD
S5768-164-0,DE,19701,PARTD
S5768-128-0,DE,19701,PARTD
S5884-004-0,DE,19701,PARTD
S5884-103-0,DE,19701,PARTD
S5884-151-0,DE,19701,PARTD
S4607-003-0,DE,19701,PARTD
S5601-010-0,DE,19701,PARTD
S5601-011-0,DE,19701,PARTD
S5820-004-0,DE,19701,PARTD
S5921-350-0,DE,19701,PARTD
S0522-051-0,DE,19701,PARTD
S0522-006-0,DE,19701,PARTD
S4802-079-0,DE,19701,PARTD
S4802-102-0,DE,19701,PARTD
S5810-040-0,PA,12719,PARTD
S8067-003-0,PA,12719,PARTD
S8067-001-0,PA,12719,PARTD
S7694-006-0,PA,12719,PARTD
S5660-176-0,PA,12719,PARTD
S5660-108-0,PA,12719,PARTD
S5768-165-0,PA,12719,PARTD
S5768-129-0,PA,12719,PARTD
S5593-003-0,PA,12719,PARTD
S5593-002-0,PA,12719,PARTD
S5884-005-0,PA,12719,PARTD
S5884-104-0,PA,12719,PARTD
S5884-152-0,PA,12719,PARTD
S4607-008-0,PA,12719,PARTD
S5601-012-0,PA,12719,PARTD
S5601-013-0,PA,12719,PARTD
S5820-005-0,PA,12719,PARTD
S5921-351-0,PA,12719,PARTD
S0522-080-0,PA,12719,PARTD
S0522-078-0,PA,12719,PARTD
S4802-080-0,PA,12719,PARTD
S4802-103-0,PA,12719,PARTD
S5810-042-0,NC,27006,PARTD
S5540-004-0,NC,27006,PARTD
S5540-002-0,NC,27006,PARTD
S7694-008-0,NC,27006,PARTD
S5660-209-0,NC,27006,PARTD
S5660-110-0,NC,27006,PARTD
S5768-167-0,NC,27006,PARTD
S5768-131-0,NC,27006,PARTD
S5884-066-0,NC,27006,PARTD
S5884-133-0,NC,27006,PARTD
S5884-154-0,NC,27006,PARTD
S4607-010-0,NC,27006,PARTD
S5601-016-0,NC,27006,PARTD
S5601-017-0,NC,27006,PARTD
S5820-007-0,NC,27006,PARTD
S5921-353-0,NC,27006,PARTD
S0522-053-0,NC,27006,PARTD
S0522-010-0,NC,27006,PARTD
S4802-081-0,NC,27006,PARTD
S4802-105-0,NC,27006,PARTD
S5810-041-0,DC,20041,PARTD
S5596-006-0,DC,20041,PARTD
S5596-007-0,DC,20041,PARTD
S5596-005-0,DC,20041,PARTD
S7694-007-0,DC,20041,PARTD
S5660-217-0,DC,20041,PARTD
S5660-109-0,DC,20041,PARTD
S5768-166-0,DC,20041,PARTD
S5768-130-0,DC,20041,PARTD
S5884-065-0,DC,20041,PARTD
S5884-132-0,DC,20041,PARTD
S5884-153-0,DC,20041,PARTD
S4607-009-0,DC,20041,PARTD
S5601-014-0,DC,20041,PARTD
S5601-015-0,DC,20041,PARTD
S5820-006-0,DC,20041,PARTD
S5921-352-0,DC,20041,PARTD
S0522-052-0,DC,20041,PARTD
S0522-008-0,DC,20041,PARTD
S4802-069-0,DC,20041,PARTD
S4802-104-0,DC,20041,PARTD
S5810-044-0,GA,30002,PARTD
S5596-010-0,GA,30002,PARTD
S5596-011-0,GA,30002,PARTD
S5596-009-0,GA,30002,PARTD
S7694-010-0,GA,30002,PARTD
S5660-180-0,GA,30002,PARTD
S5660-112-0,GA,30002,PARTD
S5768-169-0,GA,30002,PARTD
S5768-133-0,GA,30002,PARTD
S5884-009-0,GA,30002,PARTD
S5884-135-0,GA,30002,PARTD
S5884-156-0,GA,30002,PARTD
S4607-011-0,GA,30002,PARTD
S5601-020-0,GA,30002,PARTD
S5601-021-0,GA,30002,PARTD
S5820-009-0,GA,30002,PARTD
S5921-355-0,GA,30002,PARTD
S0522-055-0,GA,30002,PARTD
S0522-014-0,GA,30002,PARTD
S4802-082-0,GA,30002,PARTD
S4802-107-0,GA,30002,PARTD
S5810-043-0,SC,28112,PARTD
S5953-002-0,SC,28112,PARTD
S5953-001-0,SC,28112,PARTD
S7694-009-0,SC,28112,PARTD
S5660-210-0,SC,28112,PARTD
S5660-111-0,SC,28112,PARTD
S5768-168-0,SC,28112,PARTD
S5768-132-0,SC,28112,PARTD
S5884-008-0,SC,28112,PARTD
S5884-134-0,SC,28112,PARTD
S5884-155-0,SC,28112,PARTD
S5601-018-0,SC,28112,PARTD
S5601-019-0,SC,28112,PARTD
S5820-008-0,SC,28112,PARTD
S5921-354-0,SC,28112,PARTD
S0522-054-0,SC,28112,PARTD
S0522-012-0,SC,28112,PARTD
S4802-070-0,SC,28112,PARTD
S4802-106-0,SC,28112,PARTD
S5810-045-0,FL,32003,PARTD
S7694-011-0,FL,32003,PARTD
S5660-181-0,FL,32003,PARTD
S5660-113-0,FL,32003,PARTD
S5768-188-0,FL,32003,PARTD
S5768-134-0,FL,32003,PARTD
S5904-001-0,FL,32003,PARTD
S5904-002-0,FL,32003,PARTD
S5884-010-0,FL,32003,PARTD
S5884-105-0,FL,32003,PARTD
S5884-157-0,FL,32003,PARTD
S5601-022-0,FL,32003,PARTD
S5601-023-0,FL,32003,PARTD
S5820-010-0,FL,32003,PARTD
S5921-356-0,FL,32003,PARTD
S5921-383-0,FL,32003,PARTD
S4802-083-0,FL,32003,PARTD
S4802-108-0,FL,32003,PARTD
S5810-046-0,GA,30555,PARTD
S1030-006-0,GA,30555,PARTD
S1030-001-0,GA,30555,PARTD
S7694-012-0,GA,30555,PARTD
S5660-182-0,GA,30555,PARTD
S5660-114-0,GA,30555,PARTD
S5768-170-0,GA,30555,PARTD
S5768-135-0,GA,30555,PARTD
S5884-001-0,GA,30555,PARTD
S5884-106-0,GA,30555,PARTD
S5884-158-0,GA,30555,PARTD
S4607-012-0,GA,30555,PARTD
S2668-005-0,GA,30555,PARTD
S2668-006-0,GA,30555,PARTD
S5601-024-0,GA,30555,PARTD
S5601-025-0,GA,30555,PARTD
S5820-011-0,GA,30555,PARTD
S5921-357-0,GA,30555,PARTD
S0522-056-0,GA,30555,PARTD
S0522-016-0,GA,30555,PARTD
S4802-071-0,GA,30555,PARTD
S4802-109-0,GA,30555,PARTD
S5810-047-0,MI,48001,PARTD
S5584-001-0,MI,48001,PARTD
S5584-002-0,MI,48001,PARTD
S7694-070-0,MI,48001,PARTD
S5660-183-0,MI,48001,PARTD
S5660-115-0,MI,48001,PARTD
S5768-171-0,MI,48001,PARTD
S5768-136-0,MI,48001,PARTD
S5884-071-0,MI,48001,PARTD
S5884-136-0,MI,48001,PARTD
S5884-159-0,MI,48001,PARTD
S4607-013-0,MI,48001,PARTD
S6986-001-0,MI,48001,PARTD
S5601-026-0,MI,48001,PARTD
S5601-027-0,MI,48001,PARTD
S5820-012-0,MI,48001,PARTD
S5921-358-0,MI,48001,PARTD
S0522-057-0,MI,48001,PARTD
S0522-018-0,MI,48001,PARTD
S4802-084-0,MI,48001,PARTD
S4802-110-0,MI,48001,PARTD
S5810-048-0,OH,43001,PARTD
S5596-014-0,OH,43001,PARTD
S5596-015-0,OH,43001,PARTD
S5596-013-0,OH,43001,PARTD
S7694-014-0,OH,43001,PARTD
S5660-184-0,OH,43001,PARTD
S5660-116-0,OH,43001,PARTD
S5768-172-0,OH,43001,PARTD
S5768-137-0,OH,43001,PARTD
S5884-072-0,OH,43001,PARTD
S5884-137-0,OH,43001,PARTD
S5884-160-0,OH,43001,PARTD
S5601-028-0,OH,43001,PARTD
S5601-029-0,OH,43001,PARTD
S5820-013-0,OH,43001,PARTD
S5921-359-0,OH,43001,PARTD
S0522-058-0,OH,43001,PARTD
S0522-020-0,OH,43001,PARTD
S4802-085-0,OH,43001,PARTD
S4802-111-0,OH,43001,PARTD
S5810-049-0,KY,40003,PARTD
S5596-018-0,KY,40003,PARTD
S5596-019-0,KY,40003,PARTD
S5596-017-0,KY,40003,PARTD
S7694-015-0,KY,40003,PARTD
S5660-185-0,KY,40003,PARTD
S5660-117-0,KY,40003,PARTD
S5768-189-0,KY,40003,PARTD
S5768-138-0,KY,40003,PARTD
S5884-073-0,KY,40003,PARTD
S5884-138-0,KY,40003,PARTD
S5884-161-0,KY,40003,PARTD
S4607-014-0,KY,40003,PARTD
S5601-030-0,KY,40003,PARTD
S5601-031-0,KY,40003,PARTD
S5820-014-0,KY,40003,PARTD
S5921-360-0,KY,40003,PARTD
S0522-059-0,KY,40003,PARTD
S0522-022-0,KY,40003,PARTD
S4802-086-0,KY,40003,PARTD
S4802-112-0,KY,40003,PARTD
S5810-051-0,IL,60001,PARTD
S7694-017-0,IL,60001,PARTD
S5660-187-0,IL,60001,PARTD
S5660-119-0,IL,60001,PARTD
S5768-174-0,IL,60001,PARTD
S5768-140-0,IL,60001,PARTD
S5715-012-0,IL,60001,PARTD
S5715-002-0,IL,60001,PARTD
S5715-001-0,IL,60001,PARTD
S5884-015-0,IL,60001,PARTD
S5884-107-0,IL,60001,PARTD
S5884-163-0,IL,60001,PARTD
S4607-015-0,IL,60001,PARTD
S5601-034-0,IL,60001,PARTD
S5601-035-0,IL,60001,PARTD
S5820-016-0,IL,60001,PARTD
S5921-362-0,IL,60001,PARTD
S0522-048-0,IL,60001,PARTD
S0522-001-0,IL,60001,PARTD
S4802-087-0,IL,60001,PARTD
S4802-113-0,IL,60001,PARTD
S5810-050-0,WI,53001,PARTD
S5596-057-0,WI,53001,PARTD
S5596-058-0,WI,53001,PARTD
S5596-056-0,WI,53001,PARTD
S7694-016-0,WI,53001,PARTD
S5660-186-0,WI,53001,PARTD
S5660-118-0,WI,53001,PARTD
S5768-173-0,WI,53001,PARTD
S5768-139-0,WI,53001,PARTD
S5884-074-0,WI,53001,PARTD
S5884-139-0,WI,53001,PARTD
S5884-162-0,WI,53001,PARTD
S5601-032-0,WI,53001,PARTD
S5601-033-0,WI,53001,PARTD
S5820-015-0,WI,53001,PARTD
S5921-361-0,WI,53001,PARTD
S0522-066-0,WI,53001,PARTD
S0522-036-0,WI,53001,PARTD
S4802-097-0,WI,53001,PARTD
S4802-131-0,WI,53001,PARTD
S5753-006-0,WI,53001,PARTD
S5753-007-0,WI,53001,PARTD
S5810-053-0,LA,71069,PARTD
S5795-003-0,LA,71069,PARTD
S5795-002-0,LA,71069,PARTD
S7694-019-0,LA,71069,PARTD
S5660-212-0,LA,71069,PARTD
S5660-121-0,LA,71069,PARTD
S5768-176-0,LA,71069,PARTD
S5768-142-0,LA,71069,PARTD
S5884-077-0,LA,71069,PARTD
S5884-141-0,LA,71069,PARTD
S5884-165-0,LA,71069,PARTD
S4607-017-0,LA,71069,PARTD
S5601-038-0,LA,71069,PARTD
S5601-107-0,LA,71069,PARTD
S5820-018-0,LA,71069,PARTD
S5921-364-0,LA,71069,PARTD
S0522-068-0,LA,71069,PARTD
S0522-038-0,LA,71069,PARTD
S4802-073-0,LA,71069,PARTD
S4802-115-0,LA,71069,PARTD
S5810-052-0,IA,50065,PARTD
S5596-044-0,IA,50065,PARTD
S5596-045-0,IA,50065,PARTD
S5596-043-0,IA,50065,PARTD
S7694-018-0,IA,50065,PARTD
S5660-211-0,IA,50065,PARTD
S5660-120-0,IA,50065,PARTD
S5768-175-0,IA,50065,PARTD
S5768-141-0,IA,50065,PARTD
S5884-076-0,IA,50065,PARTD
S5884-140-0,IA,50065,PARTD
S5884-164-0,IA,50065,PARTD
S4607-016-0,IA,50065,PARTD
S5601-036-0,IA,50065,PARTD
S5601-037-0,IA,50065,PARTD
S5820-017-0,IA,50065,PARTD
S5921-363-0,IA,50065,PARTD
S0522-067-0,IA,50065,PARTD
S0522-037-0,IA,50065,PARTD
S4802-072-0,IA,50065,PARTD
S4802-114-0,IA,50065,PARTD
S5810-055-0,LA,70001,PARTD
S7694-021-0,LA,70001,PARTD
S5660-213-0,LA,70001,PARTD
S5660-123-0,LA,70001,PARTD
S5768-178-0,LA,70001,PARTD
S5768-144-0,LA,70001,PARTD
S5884-019-0,LA,70001,PARTD
S5884-108-0,LA,70001,PARTD
S5884-167-0,LA,70001,PARTD
S4607-018-0,LA,70001,PARTD
S5601-042-0,LA,70001,PARTD
S5601-108-0,LA,70001,PARTD
S5820-020-0,LA,70001,PARTD
S5921-366-0,LA,70001,PARTD
S0522-061-0,LA,70001,PARTD
S0522-026-0,LA,70001,PARTD
S4802-012-0,LA,70001,PARTD
S4802-117-0,LA,70001,PARTD
S5810-054-0,MS,35447,PARTD
S7694-020-0,MS,35447,PARTD
S5660-190-0,MS,35447,PARTD
S5660-122-0,MS,35447,PARTD
S5768-177-0,MS,35447,PARTD
S5768-143-0,MS,35447,PARTD
S5884-078-0,MS,35447,PARTD
S5884-142-0,MS,35447,PARTD
S5884-166-0,MS,35447,PARTD
S5601-040-0,MS,35447,PARTD
S5601-041-0,MS,35447,PARTD
S5820-019-0,MS,35447,PARTD
S5921-365-0,MS,35447,PARTD
S0522-060-0,MS,35447,PARTD
S0522-024-0,MS,35447,PARTD
S4802-074-0,MS,35447,PARTD
S4802-116-0,MS,35447,PARTD
S5810-056-0,TX,73301,PARTD
S7694-022-0,TX,73301,PARTD
S5660-192-0,TX,73301,PARTD
S5660-124-0,TX,73301,PARTD
S5768-179-0,TX,73301,PARTD
S5768-145-0,TX,73301,PARTD
S5715-014-0,TX,73301,PARTD
S5715-006-0,TX,73301,PARTD
S5715-005-0,TX,73301,PARTD
S5884-020-0,TX,73301,PARTD
S5884-143-0,TX,73301,PARTD
S5884-168-0,TX,73301,PARTD
S4607-019-0,TX,73301,PARTD
S5601-044-0,TX,73301,PARTD
S5601-045-0,TX,73301,PARTD
S5820-021-0,TX,73301,PARTD
S5921-367-0,TX,73301,PARTD
S0522-069-0,TX,73301,PARTD
S0522-039-0,TX,73301,PARTD
S4802-013-0,TX,73301,PARTD
S4802-118-0,TX,73301,PARTD
S5810-058-0,KS,66002,PARTD
S5726-014-0,KS,66002,PARTD
S5726-015-0,KS,66002,PARTD
S5726-013-0,KS,66002,PARTD
S7694-024-0,KS,66002,PARTD
S5660-194-0,KS,66002,PARTD
S5660-126-0,KS,66002,PARTD
S5768-181-0,KS,66002,PARTD
S5768-147-0,KS,66002,PARTD
S5884-022-0,KS,66002,PARTD
S5884-109-0,KS,66002,PARTD
S5884-170-0,KS,66002,PARTD
S5601-048-0,KS,66002,PARTD
S5601-049-0,KS,66002,PARTD
S5820-023-0,KS,66002,PARTD
S5921-369-0,KS,66002,PARTD
S0522-071-0,KS,66002,PARTD
S0522-041-0,KS,66002,PARTD
S4802-088-0,KS,66002,PARTD
S4802-120-0,KS,66002,PARTD
S5810-057-0,OK,71937,PARTD
S7694-023-0,OK,71937,PARTD
S5660-214-0,OK,71937,PARTD
S5660-125-0,OK,71937,PARTD
S5768-180-0,OK,71937,PARTD
S5768-146-0,OK,71937,PARTD
S5715-015-0,OK,71937,PARTD
S5715-011-0,OK,71937,PARTD
S5715-010-0,OK,71937,PARTD
S5884-021-0,OK,71937,PARTD
S5884-144-0,OK,71937,PARTD
S5884-169-0,OK,71937,PARTD
S5601-046-0,OK,71937,PARTD
S5601-109-0,OK,71937,PARTD
S5820-022-0,OK,71937,PARTD
S5921-368-0,OK,71937,PARTD
S0522-070-0,OK,71937,PARTD
S0522-040-0,OK,71937,PARTD
S4802-014-0,OK,71937,PARTD
S4802-119-0,OK,71937,PARTD
S5810-059-0,IA,50001,PARTD
S7694-025-0,IA,50001,PARTD
S5660-195-0,IA,50001,PARTD
S5660-127-0,IA,50001,PARTD
S5768-190-0,IA,50001,PARTD
S5768-148-0,IA,50001,PARTD
S5884-083-0,IA,50001,PARTD
S5884-145-0,IA,50001,PARTD
S5884-171-0,IA,50001,PARTD
S4607-020-0,IA,50001,PARTD
S5601-050-0,IA,50001,PARTD
S5601-051-0,IA,50001,PARTD
S5820-024-0,IA,50001,PARTD
S5921-370-0,IA,50001,PARTD
S0522-072-0,IA,50001,PARTD
S0522-042-0,IA,50001,PARTD
S4802-089-0,IA,50001,PARTD
S4802-121-0,IA,50001,PARTD
S5743-004-0,IA,50001,PARTD
S5743-001-0,IA,50001,PARTD
S5810-061-0,KS,67756,PARTD
S5596-060-0,KS,67756,PARTD
S5596-061-0,KS,67756,PARTD
S5596-059-0,KS,67756,PARTD
S7694-027-0,KS,67756,PARTD
S5660-197-0,KS,67756,PARTD
S5660-129-0,KS,67756,PARTD
S5768-182-0,KS,67756,PARTD
S5768-150-0,KS,67756,PARTD
S5884-085-0,KS,67756,PARTD
S5884-111-0,KS,67756,PARTD
S5884-173-0,KS,67756,PARTD
S4607-022-0,KS,67756,PARTD
S5601-054-0,KS,67756,PARTD
S5601-055-0,KS,67756,PARTD
S5820-026-0,KS,67756,PARTD
S5921-372-0,KS,67756,PARTD
S0522-062-0,KS,67756,PARTD
S0522-028-0,KS,67756,PARTD
S4802-091-0,KS,67756,PARTD
S4802-123-0,KS,67756,PARTD
S5810-060-0,NM,79835,PARTD
S7694-026-0,NM,79835,PARTD
S5660-196-0,NM,79835,PARTD
S5660-128-0,NM,79835,PARTD
S5768-191-0,NM,79835,PARTD
S5768-149-0,NM,79835,PARTD
S5715-013-0,NM,79835,PARTD
S5715-004-0,NM,79835,PARTD
S5715-003-0,NM,79835,PARTD
S5884-024-0,NM,79835,PARTD
S5884-110-0,NM,79835,PARTD
S5884-172-0,NM,79835,PARTD
S4607-021-0,NM,79835,PARTD
S5601-052-0,NM,79835,PARTD
S5601-053-0,NM,79835,PARTD
S5820-025-0,NM,79835,PARTD
S5921-371-0,NM,79835,PARTD
S0522-073-0,NM,79835,PARTD
S0522-043-0,NM,79835,PARTD
S4802-090-0,NM,79835,PARTD
S4802-122-0,NM,79835,PARTD
S5810-062-0,AZ,85001,PARTD
S6506-002-0,AZ,85001,PARTD
S6506-001-0,AZ,85001,PARTD
S7694-028-0,AZ,85001,PARTD
S5660-198-0,AZ,85001,PARTD
S5660-130-0,AZ,85001,PARTD
S5768-183-0,AZ,85001,PARTD
S5768-151-0,AZ,85001,PARTD
S5884-086-0,AZ,85001,PARTD
S5884-146-0,AZ,85001,PARTD
S5884-174-0,AZ,85001,PARTD
S4607-023-0,AZ,85001,PARTD
S5601-056-0,AZ,85001,PARTD
S5601-057-0,AZ,85001,PARTD
S5820-027-0,AZ,85001,PARTD
S5921-380-0,AZ,85001,PARTD
S0522-074-0,AZ,85001,PARTD
S0522-044-0,AZ,85001,PARTD
S4802-092-0,AZ,85001,PARTD
S4802-124-0,AZ,85001,PARTD
S5810-063-0,NV,88901,PARTD
S5596-063-0,NV,88901,PARTD
S5596-064-0,NV,88901,PARTD
S5596-062-0,NV,88901,PARTD
S7694-029-0,NV,88901,PARTD
S5660-199-0,NV,88901,PARTD
S5660-131-0,NV,88901,PARTD
S5768-184-0,NV,88901,PARTD
S5768-152-0,NV,88901,PARTD
S5884-087-0,NV,88901,PARTD
S5884-112-0,NV,88901,PARTD
S5884-175-0,NV,88901,PARTD
S4054-001-0,NV,88901,PARTD
S5601-058-0,NV,88901,PARTD
S5601-059-0,NV,88901,PARTD
S5820-028-0,NV,88901,PARTD
S5921-373-0,NV,88901,PARTD
S0522-075-0,NV,88901,PARTD
S0522-045-0,NV,88901,PARTD
S4802-093-0,NV,88901,PARTD
S4802-125-0,NV,88901,PARTD
S5810-065-0,ID,59847,PARTD
S5877-007-0,ID,59847,PARTD
S5877-004-0,ID,59847,PARTD
S7694-031-0,ID,59847,PARTD
S5660-216-0,ID,59847,PARTD
S5660-133-0,ID,59847,PARTD
S5768-193-0,ID,59847,PARTD
S5768-154-0,ID,59847,PARTD
S5884-089-0,ID,59847,PARTD
S5884-147-0,ID,59847,PARTD
S5884-177-0,ID,59847,PARTD
S4607-024-0,ID,59847,PARTD
S5916-001-0,ID,59847,PARTD
S5916-002-0,ID,59847,PARTD
S5601-062-0,ID,59847,PARTD
S5601-063-0,ID,59847,PARTD
S5820-030-0,ID,59847,PARTD
S5921-375-0,ID,59847,PARTD
S0522-064-0,ID,59847,PARTD
S0522-032-0,ID,59847,PARTD
S4802-021-0,ID,59847,PARTD
S4802-127-0,ID,59847,PARTD
S5810-064-0,ID,83856,PARTD
S5609-001-0,ID,83856,PARTD
S5609-002-0,ID,83856,PARTD
S7694-030-0,ID,83856,PARTD
S5660-215-0,ID,83856,PARTD
S5660-132-0,ID,83856,PARTD
S5768-192-0,ID,83856,PARTD
S5768-153-0,ID,83856,PARTD
S5884-028-0,ID,83856,PARTD
S5884-113-0,ID,83856,PARTD
S5884-176-0,ID,83856,PARTD
S5601-060-0,ID,83856,PARTD
S5601-061-0,ID,83856,PARTD
S5820-029-0,ID,83856,PARTD
S5921-374-0,ID,83856,PARTD
S0522-063-0,ID,83856,PARTD
S0522-030-0,ID,83856,PARTD
S4802-020-0,ID,83856,PARTD
S4802-126-0,ID,83856,PARTD
S5810-066-0,CA,89439,PARTD
S5596-035-0,CA,89439,PARTD
S5596-034-0,CA,89439,PARTD
S5596-033-0,CA,89439,PARTD
S2468-003-0,CA,89439,PARTD
S2468-004-0,CA,89439,PARTD
S7694-032-0,CA,89439,PARTD
S5660-202-0,CA,89439,PARTD
S5660-134-0,CA,89439,PARTD
S5768-194-0,CA,89439,PARTD
S5768-155-0,CA,89439,PARTD
S5884-030-0,CA,89439,PARTD
S5884-114-0,CA,89439,PARTD
S5884-178-0,CA,89439,PARTD
S5601-064-0,CA,89439,PARTD
S5601-065-0,CA,89439,PARTD
S5820-031-0,CA,89439,PARTD
S5921-376-0,CA,89439,PARTD
S0522-065-0,CA,89439,PARTD
S0522-034-0,CA,89439,PARTD
S4802-094-0,CA,89439,PARTD
S4802-128-0,CA,89439,PARTD
S5810-067-0,HI,96701,PARTD
S7694-033-0,HI,96701,PARTD
S5660-203-0,HI,96701,PARTD
S5660-135-0,HI,96701,PARTD
S5768-195-0,HI,96701,PARTD
S5768-198-0,HI,96701,PARTD
S5884-093-0,HI,96701,PARTD
S5884-115-0,HI,96701,PARTD
S5884-179-0,HI,96701,PARTD
S5601-066-0,HI,96701,PARTD
S5601-067-0,HI,96701,PARTD
S5820-032-0,HI,96701,PARTD
S5921-381-0,HI,96701,PARTD
S0522-076-0,HI,96701,PARTD
S0522-046-0,HI,96701,PARTD
S4802-095-0,HI,96701,PARTD
S4802-129-0,HI,96701,PARTD
S5810-068-0,AK,99501,PARTD
S7694-034-0,AK,99501,PARTD
S5660-204-0,AK,99501,PARTD
S5660-136-0,AK,99501,PARTD
S5768-196-0,AK,99501,PARTD
S5768-197-0,AK,99501,PARTD
S5884-094-0,AK,99501,PARTD
S5884-116-0,AK,99501,PARTD
S5884-180-0,AK,99501,PARTD
S5601-068-0,AK,99501,PARTD
S5820-033-0,AK,99501,PARTD
S5921-377-0,AK,99501,PARTD
S0522-077-0,AK,99501,PARTD
S0522-047-0,AK,99501,PARTD
S4802-096-0,AK,99501,PARTD
S4802-130-0,AK,99501,PARTD
